path,label,source_dir,split
/Volumes/bleh/audiodeleto-dataset/bypass-audios-full/angelitos.ogg,1,bypass-audios-full,train
/Volumes/bleh/audiodeleto-dataset/bypass-audios-full/loud sound id roblox.mp3,1,bypass-audios-full,train
/Volumes/bleh/audiodeleto-dataset/bypass-audios-full/GrimReaper.mp3,1,bypass-audios-full,train
/Volumes/bleh/audiodeleto-dataset/bypass-audios-full/DrXp top down.ogg,1,bypass-audios-full,train
/Volumes/bleh/audiodeleto-dataset/bypass-audios-full/fast.ogg,1,bypass-audios-full,train
/Volumes/bleh/audiodeleto-dataset/regular-songs-full/2bca5496695595cb07d6f9601d84ff094b28239f.ogg,0,regular-songs-full,train
/Volumes/bleh/audiodeleto-dataset/regular-songs-full/399ad401ffe9f91f654620aafc82452f1fbe4dc1.mp3,0,regular-songs-full,train
/Volumes/bleh/audiodeleto-dataset/regular-songs-full/18fe8c8c32eef9320eab93c3201eaa338cc37ee4.m4a,0,regular-songs-full,train
/Volumes/bleh/audiodeleto-dataset/bypass-audios-full/test (2).mp3,1,bypass-audios-full,train
/Volumes/bleh/audiodeleto-dataset/regular-songs-full/e42571d80f173ac862e4bc647926feede810dc31.mp3,0,regular-songs-full,train
/Volumes/bleh/audiodeleto-dataset/bypass-audios-full/32 mono phonk.mp3,1,bypass-audios-full,train
/Volumes/bleh/audiodeleto-dataset/bypass-audios-full/sprinkles (1).ogg,1,bypass-audios-full,train
/Volumes/bleh/audiodeleto-dataset/regular-songs-full/190441959b16323a2d0dbe0c7194f211c4b8b7e5.m4a,0,regular-songs-full,train
/Volumes/bleh/audiodeleto-dataset/regular-songs-full/9eeb98d0aa3a7e21423f778b3f8d444853b4566d.m4a,0,regular-songs-full,train
/Volumes/bleh/audiodeleto-dataset/regular-songs-full/3c936e8930fbb4c47a3e3cac9468340b77d3bbf8.m4a,0,regular-songs-full,train
/Volumes/bleh/audiodeleto-dataset/regular-songs-full/3a0d293176348f297eaa08f66c183d98242d2c6d.mp3,0,regular-songs-full,train
/Volumes/bleh/audiodeleto-dataset/bypass-audios-full/v (1).ogg,1,bypass-audios-full,train
/Volumes/bleh/audiodeleto-dataset/regular-songs-full/08c29ef705ed4957fc7ddc924568a3961ecdb90e.m4a,0,regular-songs-full,train
/Volumes/bleh/audiodeleto-dataset/regular-songs-full/22fd1185830d49deeda557eff2f6558331182ff5.m4a,0,regular-songs-full,train
/Volumes/bleh/audiodeleto-dataset/regular-songs-full/bc48f2c93cafb69cfa58c24abfc6e2efc43f158d.mp3,0,regular-songs-full,train
/Volumes/bleh/audiodeleto-dataset/regular-songs-full/3531a2b246dbb80271601a6b42587ba87b91c4c1.m4a,0,regular-songs-full,train
/Volumes/bleh/audiodeleto-dataset/regular-songs-full/29726a243b67e0ad2b842f18c6aaf87ff5f5004a.ogg,0,regular-songs-full,train
/Volumes/bleh/audiodeleto-dataset/bypass-audios-full/Icy1Shine intro.mp3,1,bypass-audios-full,train
/Volumes/bleh/audiodeleto-dataset/bypass-audios-full/copy_4E14F1CC-CE72-4F8B-A67F-DA1645C15751.mp3,1,bypass-audios-full,train
/Volumes/bleh/audiodeleto-dataset/bypass-audios-full/nervyyy - the streets freestyle.mp3,1,bypass-audios-full,train
/Volumes/bleh/audiodeleto-dataset/regular-songs-full/0dc843976eb22b6a87dd745657d2b91c964aa2cc.m4a,0,regular-songs-full,train
/Volumes/bleh/audiodeleto-dataset/regular-songs-full/3588a7cc8eb9808dce22c0265edd8a69a78ff030.m4a,0,regular-songs-full,train
/Volumes/bleh/audiodeleto-dataset/regular-songs-full/2a4187f12e0fbe65e894047f58178eec10acd3e5.m4a,0,regular-songs-full,train
/Volumes/bleh/audiodeleto-dataset/regular-songs-full/c22c31efc94abdfa70eb5fef82fff8a2efd485c9.m4a,0,regular-songs-full,train
/Volumes/bleh/audiodeleto-dataset/regular-songs-full/1a18fa5549877a15d97cc27314d046d019d3376b.m4a,0,regular-songs-full,train
/Volumes/bleh/audiodeleto-dataset/bypass-audios-full/finished (1).ogg,1,bypass-audios-full,train
/Volumes/bleh/audiodeleto-dataset/bypass-audios-full/DeemMane x Poly.ogg,1,bypass-audios-full,train
/Volumes/bleh/audiodeleto-dataset/regular-songs-full/d5ed3fc4631e955dd9974486a7455b1a58443ad8.mp3,0,regular-songs-full,train
/Volumes/bleh/audiodeleto-dataset/bypass-audios-full/bleed outv2.ogg,1,bypass-audios-full,train
/Volumes/bleh/audiodeleto-dataset/regular-songs-full/c8a6f4b9d1bd29dd09ca0814f506e96df1af217c.mp3,0,regular-songs-full,train
/Volumes/bleh/audiodeleto-dataset/regular-songs-full/3a0c1dcce723ea0dd19db17a63347eedada10774.m4a,0,regular-songs-full,train
/Volumes/bleh/audiodeleto-dataset/regular-songs-full/bfadba3f43df6e8324a54640be3a5b93f6e6a35f.m4a,0,regular-songs-full,train
/Volumes/bleh/audiodeleto-dataset/bypass-audios-full/JOAN OF ARC.mp3,1,bypass-audios-full,train
/Volumes/bleh/audiodeleto-dataset/regular-songs-full/c3156aaa4ba72f590b18b1f895ec7925f914efeb.m4a,0,regular-songs-full,train
/Volumes/bleh/audiodeleto-dataset/regular-songs-full/bf527f1391c79a61cff30441bcda1719755af4b4.m4a,0,regular-songs-full,train
/Volumes/bleh/audiodeleto-dataset/bypass-audios-full/1Ame-01.mp3,1,bypass-audios-full,train
/Volumes/bleh/audiodeleto-dataset/regular-songs-full/5c6b62a792f81b7d35353b07a40f1fc8f7638d31.mp3,0,regular-songs-full,train
/Volumes/bleh/audiodeleto-dataset/bypass-audios-full/mary jane.ogg,1,bypass-audios-full,train
/Volumes/bleh/audiodeleto-dataset/regular-songs-full/1e19979c9e3f61c946cb117f734191a800b4f7e9.m4a,0,regular-songs-full,train
/Volumes/bleh/audiodeleto-dataset/bypass-audios-full/pochka.mp3,1,bypass-audios-full,train
/Volumes/bleh/audiodeleto-dataset/regular-songs-full/f9c47a371c3013bb5f060c6681ef6dbf68b6e596.m4a,0,regular-songs-full,train
/Volumes/bleh/audiodeleto-dataset/regular-songs-full/8e45fbd7a12dcf146cdf07196e2e374c1fac0804.m4a,0,regular-songs-full,train
/Volumes/bleh/audiodeleto-dataset/bypass-audios-full/67.ogg,1,bypass-audios-full,train
/Volumes/bleh/audiodeleto-dataset/regular-songs-full/3037998bd50a2af36d03330511a4fb9b5fb093f8.m4a,0,regular-songs-full,train
/Volumes/bleh/audiodeleto-dataset/regular-songs-full/162b7eeea187ddcc36228355fe8de0e6cb4e211d.m4a,0,regular-songs-full,train
/Volumes/bleh/audiodeleto-dataset/regular-songs-full/6de8f4c4f8b297654356b7109661a0d8071d70e3.m4a,0,regular-songs-full,train
/Volumes/bleh/audiodeleto-dataset/regular-songs-full/c2b247ee74d611398079bf45a4c47dfee793fc14.m4a,0,regular-songs-full,train
/Volumes/bleh/audiodeleto-dataset/bypass-audios-full/there she goes.ogg,1,bypass-audios-full,train
/Volumes/bleh/audiodeleto-dataset/bypass-audios-full/82108868467455.ogg,1,bypass-audios-full,train
/Volumes/bleh/audiodeleto-dataset/regular-songs-full/34c4170eba73679e8edf473fc14093f1166eed41.m4a,0,regular-songs-full,train
/Volumes/bleh/audiodeleto-dataset/bypass-audios-full/may idk what the song.ogg,1,bypass-audios-full,train
/Volumes/bleh/audiodeleto-dataset/regular-songs-full/c30481f176cd1e017c5fbfa250f471d8542e038c.m4a,0,regular-songs-full,train
/Volumes/bleh/audiodeleto-dataset/bypass-audios-full/oldtracks_phonk_KLICKAUD.mp3,1,bypass-audios-full,train
/Volumes/bleh/audiodeleto-dataset/regular-songs-full/f14e69bbc01eea7da1a556b409ee7c33a3232c44.m4a,0,regular-songs-full,train
/Volumes/bleh/audiodeleto-dataset/bypass-audios-full/rare song 2x loud.ogg,1,bypass-audios-full,train
/Volumes/bleh/audiodeleto-dataset/bypass-audios-full/dynamite (2).mp3,1,bypass-audios-full,train
/Volumes/bleh/audiodeleto-dataset/bypass-audios-full/aud - faceslasha russian 2026-05-11 22_17.mp3,1,bypass-audios-full,train
/Volumes/bleh/audiodeleto-dataset/regular-songs-full/04de9e51506a0aed41e4660749c2c6029a0c48cc.m4a,0,regular-songs-full,train
/Volumes/bleh/audiodeleto-dataset/regular-songs-full/0834b72f9f0f6d5240b4ff7ab736d26bc032eb68.mp3,0,regular-songs-full,train
/Volumes/bleh/audiodeleto-dataset/regular-songs-full/DJ_akimilaku_lurus_remix_4420235e2dc60919fa.mp3,0,regular-songs-full,train
/Volumes/bleh/audiodeleto-dataset/bypass-audios-full/remix.mp3,1,bypass-audios-full,train
/Volumes/bleh/audiodeleto-dataset/bypass-audios-full/devils work.mp3,1,bypass-audios-full,train
/Volumes/bleh/audiodeleto-dataset/regular-songs-full/0aa55f9b55d66672742827429781df665ed6965f.mp3,0,regular-songs-full,train
/Volumes/bleh/audiodeleto-dataset/regular-songs-full/c7bff2dc32e02ff51f40ca5ba8fa183927969601.m4a,0,regular-songs-full,train
/Volumes/bleh/audiodeleto-dataset/bypass-audios-full/0267 boolyglk 158 @highhh.mp3,1,bypass-audios-full,train
/Volumes/bleh/audiodeleto-dataset/bypass-audios-full/quan audio test 1.mp3,1,bypass-audios-full,train
/Volumes/bleh/audiodeleto-dataset/bypass-audios-full/BONUS - LOOK OUT NIGGER (original mix).ogg,1,bypass-audios-full,train
/Volumes/bleh/audiodeleto-dataset/regular-songs-full/16e33e92b1619f90da1353ea984e42f41d347423.ogg,0,regular-songs-full,train
/Volumes/bleh/audiodeleto-dataset/bypass-audios-full/1 (4).ogg,1,bypass-audios-full,train
/Volumes/bleh/audiodeleto-dataset/bypass-audios-full/SHOGUNWILLY.mp3,1,bypass-audios-full,train
/Volumes/bleh/audiodeleto-dataset/bypass-audios-full/stupidcollab.mp3,1,bypass-audios-full,train
/Volumes/bleh/audiodeleto-dataset/bypass-audios-full/progamercool brawl.mp3,1,bypass-audios-full,train
/Volumes/bleh/audiodeleto-dataset/bypass-audios-full/gas (Vocals) (MDX v2 Voc FT).mp3,1,bypass-audios-full,train
/Volumes/bleh/audiodeleto-dataset/regular-songs-full/2284373b258a5ae1b19f073829c07080ee59db11.mp3,0,regular-songs-full,train
/Volumes/bleh/audiodeleto-dataset/regular-songs-full/e2d17b156cc6c826d424da8178e8910a08935ecb.m4a,0,regular-songs-full,train
/Volumes/bleh/audiodeleto-dataset/bypass-audios-full/Bloodyremains and gphvnkk mono rare.ogg,1,bypass-audios-full,train
/Volumes/bleh/audiodeleto-dataset/bypass-audios-full/hosvsgirls.ogg,1,bypass-audios-full,train
/Volumes/bleh/audiodeleto-dataset/bypass-audios-full/evrything is so wronggg.mp3,1,bypass-audios-full,train
/Volumes/bleh/audiodeleto-dataset/bypass-audios-full/beetle jr duo.ogg,1,bypass-audios-full,train
/Volumes/bleh/audiodeleto-dataset/bypass-audios-full/u2.ogg,1,bypass-audios-full,train
/Volumes/bleh/audiodeleto-dataset/bypass-audios-full/Nood_-_Old_Cowbell_KLICKAUD.mp3,1,bypass-audios-full,train
/Volumes/bleh/audiodeleto-dataset/bypass-audios-full/ZERXMANE FLOOR 555.ogg,1,bypass-audios-full,train
/Volumes/bleh/audiodeleto-dataset/regular-songs-full/9a5cb0807c95fedf17e34f8d2a71ec8ca6f471b5.mp3,0,regular-songs-full,train
/Volumes/bleh/audiodeleto-dataset/bypass-audios-full/7Savag33 - Killa On a killin spree - dj sound.m4a,1,bypass-audios-full,train
/Volumes/bleh/audiodeleto-dataset/regular-songs-full/58eeb0343c30285574bca41750abb668e6c895da.m4a,0,regular-songs-full,train
/Volumes/bleh/audiodeleto-dataset/bypass-audios-full/the typa shit 2010-15 sweatshirt would hop on.mp3,1,bypass-audios-full,train
/Volumes/bleh/audiodeleto-dataset/regular-songs-full/2a5c6cb3f657289dbcfa0868b59e5fb61a739146.m4a,0,regular-songs-full,train
/Volumes/bleh/audiodeleto-dataset/regular-songs-full/1d5e38dc5a218dc3e0e1f8e7d1a9dc9c17e85b61.m4a,0,regular-songs-full,train
/Volumes/bleh/audiodeleto-dataset/regular-songs-full/3a73c63879e935f69d5478883e194591596456fd.mp3,0,regular-songs-full,train
/Volumes/bleh/audiodeleto-dataset/regular-songs-full/0fab795c0ea3589fee0e24952cc92d676b9cd9d0.m4a,0,regular-songs-full,train
/Volumes/bleh/audiodeleto-dataset/regular-songs-full/49991c31de70f650a828b31813a3ca622b6eb4da.m4a,0,regular-songs-full,train
/Volumes/bleh/audiodeleto-dataset/bypass-audios-full/12.ogg,1,bypass-audios-full,train
/Volumes/bleh/audiodeleto-dataset/regular-songs-full/0af077e2f9aba5d9b9f5d6fc2972a475e6ae8ca9.m4a,0,regular-songs-full,train
/Volumes/bleh/audiodeleto-dataset/regular-songs-full/ca9fb2d61b0d591b405adddbce5932da8027c43b.m4a,0,regular-songs-full,train
/Volumes/bleh/audiodeleto-dataset/bypass-audios-full/dead gang.mp3,1,bypass-audios-full,train
/Volumes/bleh/audiodeleto-dataset/regular-songs-full/e4b9b3275686828efd2cdeb899fd281a94bf0f8c.m4a,0,regular-songs-full,train
/Volumes/bleh/audiodeleto-dataset/regular-songs-full/76c3baa2b1124b1674d226c6b205d09c747a1935.m4a,0,regular-songs-full,train
/Volumes/bleh/audiodeleto-dataset/regular-songs-full/1520124938cee35f45a041fd614b3941b0203be6.mp3,0,regular-songs-full,train
/Volumes/bleh/audiodeleto-dataset/bypass-audios-full/kiss me again😜.mp3,1,bypass-audios-full,train
/Volumes/bleh/audiodeleto-dataset/bypass-audios-full/POLYBRIDGE MARLEY CREEPY BEAT.mp3,1,bypass-audios-full,train
/Volumes/bleh/audiodeleto-dataset/regular-songs-full/04cee911784e28d06b74a21654f2dc1ccdfc25d9.m4a,0,regular-songs-full,train
/Volumes/bleh/audiodeleto-dataset/bypass-audios-full/hellraiser.ogg,1,bypass-audios-full,train
/Volumes/bleh/audiodeleto-dataset/bypass-audios-full/sasdfasdfasdf.mp3,1,bypass-audios-full,train
/Volumes/bleh/audiodeleto-dataset/bypass-audios-full/countrypop.ogg,1,bypass-audios-full,train
/Volumes/bleh/audiodeleto-dataset/bypass-audios-full/NBA.ogg,1,bypass-audios-full,train
/Volumes/bleh/audiodeleto-dataset/bypass-audios-full/big in it.mp3,1,bypass-audios-full,train
/Volumes/bleh/audiodeleto-dataset/bypass-audios-full/2.mp3,1,bypass-audios-full,train
/Volumes/bleh/audiodeleto-dataset/regular-songs-full/668c654b02bac5ad810af3dd1218588fcda361a3.mp3,0,regular-songs-full,train
/Volumes/bleh/audiodeleto-dataset/bypass-audios-full/melody.ogg,1,bypass-audios-full,train
/Volumes/bleh/audiodeleto-dataset/bypass-audios-full/sets.mp3,1,bypass-audios-full,train
/Volumes/bleh/audiodeleto-dataset/regular-songs-full/079ee8fab86eece5b18525ba14ec5a761d361ea7.ogg,0,regular-songs-full,train
/Volumes/bleh/audiodeleto-dataset/bypass-audios-full/phonk-nugget-391-FIXED.ogg,1,bypass-audios-full,train
/Volumes/bleh/audiodeleto-dataset/bypass-audios-full/gas (Backing Track) (MDX v2 Voc FT).mp3,1,bypass-audios-full,train
/Volumes/bleh/audiodeleto-dataset/regular-songs-full/582dc1e060b830e713b51320f5f11871feb37ccb.mp3,0,regular-songs-full,train
/Volumes/bleh/audiodeleto-dataset/bypass-audios-full/remady.ogg,1,bypass-audios-full,train
/Volumes/bleh/audiodeleto-dataset/bypass-audios-full/onda.ogg,1,bypass-audios-full,train
/Volumes/bleh/audiodeleto-dataset/bypass-audios-full/clean10 – kopio.ogg,1,bypass-audios-full,train
/Volumes/bleh/audiodeleto-dataset/bypass-audios-full/amorsitossss.ogg,1,bypass-audios-full,train
/Volumes/bleh/audiodeleto-dataset/bypass-audios-full/krueger.ogg,1,bypass-audios-full,train
/Volumes/bleh/audiodeleto-dataset/bypass-audios-full/llllllll.ogg,1,bypass-audios-full,train
/Volumes/bleh/audiodeleto-dataset/regular-songs-full/4498ee570c8926903eed0e24dc4b17e513633b76.m4a,0,regular-songs-full,train
/Volumes/bleh/audiodeleto-dataset/bypass-audios-full/blood.ogg,1,bypass-audios-full,train
/Volumes/bleh/audiodeleto-dataset/bypass-audios-full/Spy.mp3,1,bypass-audios-full,train
/Volumes/bleh/audiodeleto-dataset/regular-songs-full/aec8489d69e69dde840d9552c2528e50320c5022.mp3,0,regular-songs-full,train
/Volumes/bleh/audiodeleto-dataset/bypass-audios-full/DOOMSHOP XCLUSIVE 8memphis & Fentnoddin dev mixx.mp3,1,bypass-audios-full,train
/Volumes/bleh/audiodeleto-dataset/bypass-audios-full/cowboyclicker test.mp3,1,bypass-audios-full,train
/Volumes/bleh/audiodeleto-dataset/bypass-audios-full/newtagworsedtapez.m4a,1,bypass-audios-full,train
/Volumes/bleh/audiodeleto-dataset/bypass-audios-full/maajins Lol.ogg,1,bypass-audios-full,train
/Volumes/bleh/audiodeleto-dataset/bypass-audios-full/p3 (1).ogg,1,bypass-audios-full,train
/Volumes/bleh/audiodeleto-dataset/bypass-audios-full/cowbell noise.ogg,1,bypass-audios-full,train
/Volumes/bleh/audiodeleto-dataset/regular-songs-full/024d088c422be278df6fa982f809f49fc02b4aff.m4a,0,regular-songs-full,train
/Volumes/bleh/audiodeleto-dataset/bypass-audios-full/Hit! 1-800WRLD.ogg,1,bypass-audios-full,train
/Volumes/bleh/audiodeleto-dataset/regular-songs-full/c2b94585a4e07cc40c65f4205cdfcf7fbbbe57dd.m4a,0,regular-songs-full,train
/Volumes/bleh/audiodeleto-dataset/bypass-audios-full/ITS DAT 0GR4E X GLOXKCERTIFIED DOOM OHHHH.ogg,1,bypass-audios-full,train
/Volumes/bleh/audiodeleto-dataset/regular-songs-full/7e7f4e153a44d4531a23cf70ec6ce377d3a1e0c0.m4a,0,regular-songs-full,train
/Volumes/bleh/audiodeleto-dataset/regular-songs-full/4(〜￣▽￣)〜_326c223885eed47719.mp3,0,regular-songs-full,train
/Volumes/bleh/audiodeleto-dataset/bypass-audios-full/вв.ogg,1,bypass-audios-full,train
/Volumes/bleh/audiodeleto-dataset/bypass-audios-full/LIGHTINING-SPEED.ogg,1,bypass-audios-full,train
/Volumes/bleh/audiodeleto-dataset/bypass-audios-full/lonely nights.mp3,1,bypass-audios-full,train
/Volumes/bleh/audiodeleto-dataset/regular-songs-full/ebef9fefb82b5d0748c816f3b6f18db45f3c3545.mp3,0,regular-songs-full,train
/Volumes/bleh/audiodeleto-dataset/bypass-audios-full/sss (1).ogg,1,bypass-audios-full,train
/Volumes/bleh/audiodeleto-dataset/regular-songs-full/dbdf4062408bcf2f1d354ba4356f977fcf679ef1.mp3,0,regular-songs-full,train
/Volumes/bleh/audiodeleto-dataset/regular-songs-full/98ff6e66b30d89853096205bad75e664f1335754.ogg,0,regular-songs-full,train
/Volumes/bleh/audiodeleto-dataset/bypass-audios-full/6784326937.ogg,1,bypass-audios-full,train
/Volumes/bleh/audiodeleto-dataset/regular-songs-full/aa7934cbb39ec179f369c441e42e4b2ecefdb226.m4a,0,regular-songs-full,train
/Volumes/bleh/audiodeleto-dataset/regular-songs-full/e9e2140fdae0ec556483589e101232c0ee5f35d5.mp3,0,regular-songs-full,train
/Volumes/bleh/audiodeleto-dataset/regular-songs-full/bf01a576f881b699514c4219471a5442fd95bbf2.m4a,0,regular-songs-full,train
/Volumes/bleh/audiodeleto-dataset/regular-songs-full/142bd483d92029ee24ab98f63befc9c90a5f1bf3.m4a,0,regular-songs-full,train
/Volumes/bleh/audiodeleto-dataset/bypass-audios-full/board members.mp3,1,bypass-audios-full,train
/Volumes/bleh/audiodeleto-dataset/regular-songs-full/91d23052dde97c17d12b4672e5615dc174e5d83d.m4a,0,regular-songs-full,train
/Volumes/bleh/audiodeleto-dataset/regular-songs-full/55183a921b6865bbb97f82bc107dabf6316ff1c1.mp3,0,regular-songs-full,train
/Volumes/bleh/audiodeleto-dataset/bypass-audios-full/lung.ogg,1,bypass-audios-full,train
/Volumes/bleh/audiodeleto-dataset/bypass-audios-full/DrXp HENCH MAFIA.ogg,1,bypass-audios-full,train
/Volumes/bleh/audiodeleto-dataset/regular-songs-full/38a1d6b4babfe8e2788d5d8200192259b1fe7db9.mp3,0,regular-songs-full,train
/Volumes/bleh/audiodeleto-dataset/regular-songs-full/c4a54e513fb25965c03a4a72ee05696df4f19d0b.m4a,0,regular-songs-full,train
/Volumes/bleh/audiodeleto-dataset/bypass-audios-full/sadasa.ogg,1,bypass-audios-full,train
/Volumes/bleh/audiodeleto-dataset/regular-songs-full/8ee51576db20038935f2f74919cb8408765ce927.m4a,0,regular-songs-full,train
/Volumes/bleh/audiodeleto-dataset/regular-songs-full/61cd6a38163bd6788d8e61223504b861c6f48198.mp3,0,regular-songs-full,train
/Volumes/bleh/audiodeleto-dataset/bypass-audios-full/5370230911.ogg,1,bypass-audios-full,train
/Volumes/bleh/audiodeleto-dataset/regular-songs-full/a0c269268bfbcb426bd543cf8182c061c8040a54.m4a,0,regular-songs-full,train
/Volumes/bleh/audiodeleto-dataset/regular-songs-full/DJ_WahRA_Remix_x_jngn_slh_psangan_x_BARA_BARA_BERE_BERE_BABA_BEEBEE_x_PADA_JAMILAH_8e4b1e0a3fb1dbedc6.mp3,0,regular-songs-full,train
/Volumes/bleh/audiodeleto-dataset/regular-songs-full/e113c934b14ec3e4a63eb08ed3c3cd54f6d38f52.m4a,0,regular-songs-full,train
/Volumes/bleh/audiodeleto-dataset/bypass-audios-full/CleanSets_QuestionMark_Nah.ogg,1,bypass-audios-full,train
/Volumes/bleh/audiodeleto-dataset/regular-songs-full/62a16b82738eb319e1b15dd4bf15b7457c82b439.m4a,0,regular-songs-full,train
/Volumes/bleh/audiodeleto-dataset/bypass-audios-full/fogskel.ogg,1,bypass-audios-full,train
/Volumes/bleh/audiodeleto-dataset/regular-songs-full/be6c94251bdf64ab6d0be410eff30f073da676f5.mp3,0,regular-songs-full,train
/Volumes/bleh/audiodeleto-dataset/bypass-audios-full/subway_mp3.mp3,1,bypass-audios-full,train
/Volumes/bleh/audiodeleto-dataset/regular-songs-full/ed1b2a9f885f3663c496da18482795607bd9838b.mp3,0,regular-songs-full,train
/Volumes/bleh/audiodeleto-dataset/regular-songs-full/4cd85b4a898d3c29753ff05dc8031f6afc45d205.m4a,0,regular-songs-full,train
/Volumes/bleh/audiodeleto-dataset/bypass-audios-full/ok.ogg,1,bypass-audios-full,train
/Volumes/bleh/audiodeleto-dataset/regular-songs-full/88cc5e2adde72210d116f44b52997c4fcb57b862.m4a,0,regular-songs-full,train
/Volumes/bleh/audiodeleto-dataset/regular-songs-full/9d2e810dfeab19ec0696f6e8daf4a06ea8ebd60e.m4a,0,regular-songs-full,train
/Volumes/bleh/audiodeleto-dataset/regular-songs-full/1ba288f96483615a48118d1d2e54ba45ada0339c.m4a,0,regular-songs-full,train
/Volumes/bleh/audiodeleto-dataset/bypass-audios-full/Broodское_ушки_улетают_нахуй_forhub_Soundcloud_to_mp3.mp3,1,bypass-audios-full,train
/Volumes/bleh/audiodeleto-dataset/regular-songs-full/c4a403c50730eb30db012501393ba4afc4438400.m4a,0,regular-songs-full,train
/Volumes/bleh/audiodeleto-dataset/bypass-audios-full/YourAMonster.ogg,1,bypass-audios-full,train
/Volumes/bleh/audiodeleto-dataset/regular-songs-full/bb36167ca22ad0887ba86104f9d1aebff403a191.m4a,0,regular-songs-full,train
/Volumes/bleh/audiodeleto-dataset/regular-songs-full/7432ed3311042de389958f1a0b6164754362e534.m4a,0,regular-songs-full,train
/Volumes/bleh/audiodeleto-dataset/regular-songs-full/COCOHO__642496e528b43d4309.mp3,0,regular-songs-full,train
/Volumes/bleh/audiodeleto-dataset/bypass-audios-full/NBA_PACK (1).mp3,1,bypass-audios-full,train
/Volumes/bleh/audiodeleto-dataset/bypass-audios-full/DESPISE.ogg,1,bypass-audios-full,train
/Volumes/bleh/audiodeleto-dataset/regular-songs-full/3012b9809750ba0a6bd662f1f4a6270c20e1ffb8.mp3,0,regular-songs-full,train
/Volumes/bleh/audiodeleto-dataset/regular-songs-full/16e5f7a76784ca1fc25f928260e88ac2b75a89ae.m4a,0,regular-songs-full,train
/Volumes/bleh/audiodeleto-dataset/bypass-audios-full/wz (1).ogg,1,bypass-audios-full,train
/Volumes/bleh/audiodeleto-dataset/regular-songs-full/e2_e4ac4d344aa53aabc7.mp3,0,regular-songs-full,train
/Volumes/bleh/audiodeleto-dataset/regular-songs-full/427782f41b4956c06540cee9ed1897a72c28b2a2.m4a,0,regular-songs-full,train
/Volumes/bleh/audiodeleto-dataset/bypass-audios-full/2yungxst2018.ogg,1,bypass-audios-full,train
/Volumes/bleh/audiodeleto-dataset/bypass-audios-full/rain baita.wav,1,bypass-audios-full,train
/Volumes/bleh/audiodeleto-dataset/bypass-audios-full/wind sfx for tree in my game.mp3,1,bypass-audios-full,train
/Volumes/bleh/audiodeleto-dataset/regular-songs-full/a34df2acc238f938122e88c63f44e82feac8881d.m4a,0,regular-songs-full,train
/Volumes/bleh/audiodeleto-dataset/bypass-audios-full/friends.ogg,1,bypass-audios-full,train
/Volumes/bleh/audiodeleto-dataset/bypass-audios-full/Hench mafia.ogg,1,bypass-audios-full,train
/Volumes/bleh/audiodeleto-dataset/bypass-audios-full/Rvoidalar.mp3,1,bypass-audios-full,train
/Volumes/bleh/audiodeleto-dataset/regular-songs-full/70e1fe8d33583901c659fdd255e9a043cb2b7219.mp3,0,regular-songs-full,train
/Volumes/bleh/audiodeleto-dataset/bypass-audios-full/outbrah-01.mp3,1,bypass-audios-full,train
/Volumes/bleh/audiodeleto-dataset/regular-songs-full/ce378c5f9c055173b8466c0fdea1c46b1fed15ed.m4a,0,regular-songs-full,train
/Volumes/bleh/audiodeleto-dataset/regular-songs-full/257f14095455844143b7abf4652608c83a206014.mp3,0,regular-songs-full,train
/Volumes/bleh/audiodeleto-dataset/regular-songs-full/2499b27e76400c209f5fbfbe20f22a9335155bc0.m4a,0,regular-songs-full,train
/Volumes/bleh/audiodeleto-dataset/bypass-audios-full/fag.ogg,1,bypass-audios-full,train
/Volumes/bleh/audiodeleto-dataset/regular-songs-full/bf6dce73d07d73ae2a221d1cb7ed50da12164c8a.m4a,0,regular-songs-full,train
/Volumes/bleh/audiodeleto-dataset/regular-songs-full/a703a239cfab28d5adedd24d6276d5493976c088.mp3,0,regular-songs-full,train
/Volumes/bleh/audiodeleto-dataset/bypass-audios-full/$RSDX6G9.ogg,1,bypass-audios-full,train
/Volumes/bleh/audiodeleto-dataset/regular-songs-full/ba9cd20579d0d814d9a60829c599c6a10c43df31.m4a,0,regular-songs-full,train
/Volumes/bleh/audiodeleto-dataset/bypass-audios-full/certified doomshop.ogg,1,bypass-audios-full,train
/Volumes/bleh/audiodeleto-dataset/regular-songs-full/d91931cf7dc11f1de609d4d8df592751bd73f067.m4a,0,regular-songs-full,train
/Volumes/bleh/audiodeleto-dataset/regular-songs-full/e5fe193f8cab12b2e4f0f63167b78c7b9970c7fc.mp3,0,regular-songs-full,train
/Volumes/bleh/audiodeleto-dataset/bypass-audios-full/rare song 2x no loud.ogg,1,bypass-audios-full,train
/Volumes/bleh/audiodeleto-dataset/regular-songs-full/b2b28dd67fca23949d0ba181eec37c80311addc8.m4a,0,regular-songs-full,train
/Volumes/bleh/audiodeleto-dataset/bypass-audios-full/Fast.mp3,1,bypass-audios-full,train
/Volumes/bleh/audiodeleto-dataset/bypass-audios-full/dead to me 4 tracs.ogg,1,bypass-audios-full,train
/Volumes/bleh/audiodeleto-dataset/regular-songs-full/835b621df12304cc3ffce4c9e2687caf767d6cfc.m4a,0,regular-songs-full,train
/Volumes/bleh/audiodeleto-dataset/bypass-audios-full/x100.mp3,1,bypass-audios-full,train
/Volumes/bleh/audiodeleto-dataset/regular-songs-full/60d124830b8a2ea0e4a68d166661656c7dc61542.mp3,0,regular-songs-full,train
/Volumes/bleh/audiodeleto-dataset/bypass-audios-full/gnggg.mp3,1,bypass-audios-full,train
/Volumes/bleh/audiodeleto-dataset/bypass-audios-full/tuff-2.mp3,1,bypass-audios-full,train
/Volumes/bleh/audiodeleto-dataset/bypass-audios-full/basegod_aud.mp3,1,bypass-audios-full,train
/Volumes/bleh/audiodeleto-dataset/bypass-audios-full/sleep.ogg,1,bypass-audios-full,train
/Volumes/bleh/audiodeleto-dataset/regular-songs-full/a5be53baf323f82b86020b93ed19039251e72c33.m4a,0,regular-songs-full,train
/Volumes/bleh/audiodeleto-dataset/regular-songs-full/43a786428b4d65ad008fe0e66a05c898327ceee3.m4a,0,regular-songs-full,train
/Volumes/bleh/audiodeleto-dataset/regular-songs-full/8884a10ecfeb97f917290f33f13b8c49fa4f9f31.mp3,0,regular-songs-full,train
/Volumes/bleh/audiodeleto-dataset/bypass-audios-full/Ultim_2053.mp3,1,bypass-audios-full,train
/Volumes/bleh/audiodeleto-dataset/regular-songs-full/e50eadbb7bccae6aa0c6f566581b3b419bd25159.m4a,0,regular-songs-full,train
/Volumes/bleh/audiodeleto-dataset/bypass-audios-full/Spectre NCS.mp3,1,bypass-audios-full,train
/Volumes/bleh/audiodeleto-dataset/regular-songs-full/6c0c3b40fa42ca773a0f6b4645af77bc416f0933.m4a,0,regular-songs-full,train
/Volumes/bleh/audiodeleto-dataset/regular-songs-full/875c601ea03e04e02d18e8842c1169755b18b337.mp3,0,regular-songs-full,train
/Volumes/bleh/audiodeleto-dataset/bypass-audios-full/funk proibidão Sigma boy (1).ogg,1,bypass-audios-full,train
/Volumes/bleh/audiodeleto-dataset/regular-songs-full/82e6994360fc513c10bc0d42b8f7aa71872478dc.mp3,0,regular-songs-full,train
/Volumes/bleh/audiodeleto-dataset/regular-songs-full/24756eb92ef8b5f594f409a930b44983d899e4a1.mp3,0,regular-songs-full,train
/Volumes/bleh/audiodeleto-dataset/bypass-audios-full/G4d.mp3,1,bypass-audios-full,train
/Volumes/bleh/audiodeleto-dataset/regular-songs-full/a2c92d66cfc919a178f103a0bbca7a3c7135e49a.ogg,0,regular-songs-full,train
/Volumes/bleh/audiodeleto-dataset/bypass-audios-full/������������������������������������ ������ - Untitled 2026-04-24 05_03.ogg,1,bypass-audios-full,train
/Volumes/bleh/audiodeleto-dataset/bypass-audios-full/Q boludin este.wav,1,bypass-audios-full,train
/Volumes/bleh/audiodeleto-dataset/regular-songs-full/cb389c46a47872526a95c009d38684d4d77605ca.ogg,0,regular-songs-full,train
/Volumes/bleh/audiodeleto-dataset/bypass-audios-full/44100 mono.ogg,1,bypass-audios-full,train
/Volumes/bleh/audiodeleto-dataset/regular-songs-full/AB4T_91194416ed2a09c8f0.mp3,0,regular-songs-full,train
/Volumes/bleh/audiodeleto-dataset/regular-songs-full/c0782861cb075b72cb57e97d0824ec5e92fa3c6b.m4a,0,regular-songs-full,train
/Volumes/bleh/audiodeleto-dataset/bypass-audios-full/888.ogg,1,bypass-audios-full,train
/Volumes/bleh/audiodeleto-dataset/bypass-audios-full/La_Hora_De_Muerte.ogg,1,bypass-audios-full,train
/Volumes/bleh/audiodeleto-dataset/regular-songs-full/Butt_Cheeks_Clapper_9_Thousand__14427e9e8d9f01906f.mp3,0,regular-songs-full,train
/Volumes/bleh/audiodeleto-dataset/regular-songs-full/8874e780fb52824b7c65eeccb93e6ed0fe83e8d9.mp3,0,regular-songs-full,train
/Volumes/bleh/audiodeleto-dataset/bypass-audios-full/aox.mp3,1,bypass-audios-full,train
/Volumes/bleh/audiodeleto-dataset/bypass-audios-full/1 (1).ogg,1,bypass-audios-full,train
/Volumes/bleh/audiodeleto-dataset/bypass-audios-full/200khz.ogg,1,bypass-audios-full,train
/Volumes/bleh/audiodeleto-dataset/regular-songs-full/5072a55cf04aea2bcfd1f085319beb43d3e50b6c.m4a,0,regular-songs-full,train
/Volumes/bleh/audiodeleto-dataset/regular-songs-full/eb26673f6572e55f3d438047eef708f05a782cd1.m4a,0,regular-songs-full,train
/Volumes/bleh/audiodeleto-dataset/bypass-audios-full/amplified.ogg,1,bypass-audios-full,train
/Volumes/bleh/audiodeleto-dataset/bypass-audios-full/BIGCOLLABBB.ogg,1,bypass-audios-full,train
/Volumes/bleh/audiodeleto-dataset/regular-songs-full/c0a4587fccbbafb6462d26e57738ab31c878ff35.m4a,0,regular-songs-full,train
/Volumes/bleh/audiodeleto-dataset/regular-songs-full/4d7c8816921c2bdf8d0320eff8b831de162975bd.m4a,0,regular-songs-full,train
/Volumes/bleh/audiodeleto-dataset/regular-songs-full/9e1da8d0b5ad1839270d71aff17080d0e8387d05.m4a,0,regular-songs-full,train
/Volumes/bleh/audiodeleto-dataset/bypass-audios-full/Slt.m4a,1,bypass-audios-full,train
/Volumes/bleh/audiodeleto-dataset/bypass-audios-full/breaker.mp3,1,bypass-audios-full,train
/Volumes/bleh/audiodeleto-dataset/bypass-audios-full/great.ogg,1,bypass-audios-full,train
/Volumes/bleh/audiodeleto-dataset/regular-songs-full/c536c7738391423e022f144b500f035caa01f735.m4a,0,regular-songs-full,train
/Volumes/bleh/audiodeleto-dataset/regular-songs-full/30745bcf97e26131b01e3acfdb46f49d9b8960f8.m4a,0,regular-songs-full,train
/Volumes/bleh/audiodeleto-dataset/regular-songs-full/bd47688b46d43524dacc9b6838e2ce7ec4d132d7.m4a,0,regular-songs-full,train
/Volumes/bleh/audiodeleto-dataset/bypass-audios-full/i$i.ogg,1,bypass-audios-full,train
/Volumes/bleh/audiodeleto-dataset/bypass-audios-full/CriminalMemphisAudio.ogg,1,bypass-audios-full,train
/Volumes/bleh/audiodeleto-dataset/regular-songs-full/e995cd6380bc5851a938db6e68d8bae683d96a3d.ogg,0,regular-songs-full,train
/Volumes/bleh/audiodeleto-dataset/regular-songs-full/ed00fbc08b43d0f6c2a5a750777470b08642560f.m4a,0,regular-songs-full,train
/Volumes/bleh/audiodeleto-dataset/regular-songs-full/d01403338b469654175a6ba982c8649688fc20b5.mp3,0,regular-songs-full,train
/Volumes/bleh/audiodeleto-dataset/regular-songs-full/b515817d618100fe434d57f5f6e1a3ca55bb2e92.m4a,0,regular-songs-full,train
/Volumes/bleh/audiodeleto-dataset/bypass-audios-full/part.mp3,1,bypass-audios-full,train
/Volumes/bleh/audiodeleto-dataset/regular-songs-full/c58c484ea7c13db6f73155c4a9478e7642f91fe7.m4a,0,regular-songs-full,train
/Volumes/bleh/audiodeleto-dataset/regular-songs-full/1bec6bc532aeef1bc779d3b8525e75c84d190706.m4a,0,regular-songs-full,train
/Volumes/bleh/audiodeleto-dataset/regular-songs-full/f3fd56031a8989c637003d9d53d0342462eed3dd.m4a,0,regular-songs-full,train
/Volumes/bleh/audiodeleto-dataset/bypass-audios-full/1279579.ogg,1,bypass-audios-full,train
/Volumes/bleh/audiodeleto-dataset/bypass-audios-full/Super Fried.ogg,1,bypass-audios-full,train
/Volumes/bleh/audiodeleto-dataset/bypass-audios-full/KEWLLAIDS X TRASHJUULS METAL.mp3,1,bypass-audios-full,train
/Volumes/bleh/audiodeleto-dataset/bypass-audios-full/ak1000&kolya corrupted.ogg,1,bypass-audios-full,train
/Volumes/bleh/audiodeleto-dataset/regular-songs-full/7f2372d4a7443440d563bfe19a93e55a4a99b570.m4a,0,regular-songs-full,train
/Volumes/bleh/audiodeleto-dataset/bypass-audios-full/1 (3).ogg,1,bypass-audios-full,train
/Volumes/bleh/audiodeleto-dataset/bypass-audios-full/polish.mp3,1,bypass-audios-full,train
/Volumes/bleh/audiodeleto-dataset/regular-songs-full/05cbeaaaed5c2021245c281aefdd8469a778be23.m4a,0,regular-songs-full,train
/Volumes/bleh/audiodeleto-dataset/bypass-audios-full/Junt.mp3,1,bypass-audios-full,train
/Volumes/bleh/audiodeleto-dataset/regular-songs-full/cedb56c762a11dce315873e4090634433026b8fc.mp3,0,regular-songs-full,train
/Volumes/bleh/audiodeleto-dataset/regular-songs-full/41260528fab59528035f0fe0600d2975a653d28c.m4a,0,regular-songs-full,train
/Volumes/bleh/audiodeleto-dataset/bypass-audios-full/soul.ogg,1,bypass-audios-full,train
/Volumes/bleh/audiodeleto-dataset/regular-songs-full/6f1619c4767a3929faaa722f821a1287541eb63d.m4a,0,regular-songs-full,train
/Volumes/bleh/audiodeleto-dataset/regular-songs-full/1e358542c64e1c7b86c1457948a8f44240bc8b25.mp3,0,regular-songs-full,train
/Volumes/bleh/audiodeleto-dataset/regular-songs-full/d03eecf80c5e5711bb57a1989e4b601e8fe5ecad.m4a,0,regular-songs-full,train
/Volumes/bleh/audiodeleto-dataset/bypass-audios-full/finished-6.ogg,1,bypass-audios-full,train
/Volumes/bleh/audiodeleto-dataset/bypass-audios-full/hamburgher.ogg,1,bypass-audios-full,train
/Volumes/bleh/audiodeleto-dataset/regular-songs-full/Cassette_bdbf2dbc616e053bae.mp3,0,regular-songs-full,train
/Volumes/bleh/audiodeleto-dataset/bypass-audios-full/w3q.ogg,1,bypass-audios-full,train
/Volumes/bleh/audiodeleto-dataset/regular-songs-full/122728cf76168f47cf2573007c797cdb3b69a857.mp3,0,regular-songs-full,train
/Volumes/bleh/audiodeleto-dataset/regular-songs-full/ccdda93b6b9c8125cc3c8a95155b1d2cab12bd2a.m4a,0,regular-songs-full,train
/Volumes/bleh/audiodeleto-dataset/regular-songs-full/ca9a3d5f4b76cab933e683603c560f9d7f328452.m4a,0,regular-songs-full,train
/Volumes/bleh/audiodeleto-dataset/bypass-audios-full/mob classic misa.mp3,1,bypass-audios-full,train
/Volumes/bleh/audiodeleto-dataset/regular-songs-full/de74eae1b25ef41853feeac21655fea8807413a5.m4a,0,regular-songs-full,train
/Volumes/bleh/audiodeleto-dataset/regular-songs-full/06a01b96ad7c5159abea772674b7a1db8a58cb93.m4a,0,regular-songs-full,train
/Volumes/bleh/audiodeleto-dataset/regular-songs-full/2d147ec5c71fec0037e888004c37c101b41e0ea4.ogg,0,regular-songs-full,train
/Volumes/bleh/audiodeleto-dataset/bypass-audios-full/addork & Vorzies 2021 collab.ogg,1,bypass-audios-full,train
/Volumes/bleh/audiodeleto-dataset/regular-songs-full/144f923c576d433c69d801844036f02203d5cef4.mp3,0,regular-songs-full,train
/Volumes/bleh/audiodeleto-dataset/bypass-audios-full/(◣‿◢).mp3,1,bypass-audios-full,train
/Volumes/bleh/audiodeleto-dataset/bypass-audios-full/lilricefieldHOHO.mp3,1,bypass-audios-full,train
/Volumes/bleh/audiodeleto-dataset/bypass-audios-full/finished.ogg,1,bypass-audios-full,train
/Volumes/bleh/audiodeleto-dataset/bypass-audios-full/whatthcatshit.ogg,1,bypass-audios-full,train
/Volumes/bleh/audiodeleto-dataset/bypass-audios-full/collabs.mp3,1,bypass-audios-full,train
/Volumes/bleh/audiodeleto-dataset/regular-songs-full/b693f8e201b614a0abc08c933d2a741f54e2d79a.m4a,0,regular-songs-full,train
/Volumes/bleh/audiodeleto-dataset/bypass-audios-full/Run The Bag - Creator Store (1).ogg,1,bypass-audios-full,train
/Volumes/bleh/audiodeleto-dataset/regular-songs-full/029549491ac90d82c16350e0b8776e841d1edef0.m4a,0,regular-songs-full,train
/Volumes/bleh/audiodeleto-dataset/regular-songs-full/1891bc12a14a5175dde50e0eb18cd1392c70c089.m4a,0,regular-songs-full,train
/Volumes/bleh/audiodeleto-dataset/regular-songs-full/843ae52e7f01476eeec75fbce107fab59eb23c5a.mp3,0,regular-songs-full,train
/Volumes/bleh/audiodeleto-dataset/bypass-audios-full/headers.mp3,1,bypass-audios-full,train
/Volumes/bleh/audiodeleto-dataset/regular-songs-full/8b5d85f6999fb4892faeaf6f085372230b3a3790.m4a,0,regular-songs-full,train
/Volumes/bleh/audiodeleto-dataset/regular-songs-full/96b665e5d675f6d312453ac03bb9e6d2ccb8951d.mp3,0,regular-songs-full,train
/Volumes/bleh/audiodeleto-dataset/bypass-audios-full/2mono.ogg,1,bypass-audios-full,train
/Volumes/bleh/audiodeleto-dataset/bypass-audios-full/1 (2).ogg,1,bypass-audios-full,train
/Volumes/bleh/audiodeleto-dataset/regular-songs-full/cb83fe0b78489a1015c32c0df9c803ceed1bd586.mp3,0,regular-songs-full,train
/Volumes/bleh/audiodeleto-dataset/regular-songs-full/Disappeared_47a1a6482bb232f8bb.mp3,0,regular-songs-full,train
/Volumes/bleh/audiodeleto-dataset/bypass-audios-full/loud ah set.ogg,1,bypass-audios-full,train
/Volumes/bleh/audiodeleto-dataset/regular-songs-full/DJ_WahRA_Remix_x_Begini_x_bukan_x_penghianat__7ae08be6df0c8a60d4.mp3,0,regular-songs-full,train
/Volumes/bleh/audiodeleto-dataset/bypass-audios-full/bass gem (2).ogg,1,bypass-audios-full,train
/Volumes/bleh/audiodeleto-dataset/bypass-audios-full/rg.mp3,1,bypass-audios-full,train
/Volumes/bleh/audiodeleto-dataset/regular-songs-full/7b3d8864b52d7a6cf2a13127940fc12e502063e6.m4a,0,regular-songs-full,train
/Volumes/bleh/audiodeleto-dataset/regular-songs-full/44e397e8960047b1a7d81f36271b1cd94d5d142c.m4a,0,regular-songs-full,train
/Volumes/bleh/audiodeleto-dataset/regular-songs-full/2c0cf8ddc752e63ea4ea62fdfba17d07d74db537.mp3,0,regular-songs-full,train
/Volumes/bleh/audiodeleto-dataset/regular-songs-full/346055c68d77ddc20afa80042150a3e2747091df.m4a,0,regular-songs-full,train
/Volumes/bleh/audiodeleto-dataset/regular-songs-full/e31aa823c2893345df64887ca3f94b97484b7753.m4a,0,regular-songs-full,train
/Volumes/bleh/audiodeleto-dataset/bypass-audios-full/gMAdJhy6dQh8LAU9.ogg,1,bypass-audios-full,train
/Volumes/bleh/audiodeleto-dataset/bypass-audios-full/doxbin.mp3,1,bypass-audios-full,train
/Volumes/bleh/audiodeleto-dataset/regular-songs-full/700a2850593cdadf9bebc72176ba0b706cc4d4d2.m4a,0,regular-songs-full,train
/Volumes/bleh/audiodeleto-dataset/regular-songs-full/3ebb20ed1809706231ac93020d7662c1e4d72201.m4a,0,regular-songs-full,train
/Volumes/bleh/audiodeleto-dataset/regular-songs-full/332782738b4a06d27778effd397f3357bab8ddee.ogg,0,regular-songs-full,train
/Volumes/bleh/audiodeleto-dataset/regular-songs-full/98f99a9ebbf096a9331a818818fe4f5887f03aea.m4a,0,regular-songs-full,train
/Volumes/bleh/audiodeleto-dataset/bypass-audios-full/fuckppl.wav,1,bypass-audios-full,train
/Volumes/bleh/audiodeleto-dataset/regular-songs-full/d7dbbbd615b1cb66108b67866c71356eb3e1e53c.mp3,0,regular-songs-full,train
/Volumes/bleh/audiodeleto-dataset/regular-songs-full/a05aaa87b5fa473760d3af328756fb38b19e1a3b.m4a,0,regular-songs-full,train
/Volumes/bleh/audiodeleto-dataset/bypass-audios-full/MILLION DOLLAR MANSION [Looped Snippet].ogg,1,bypass-audios-full,train
/Volumes/bleh/audiodeleto-dataset/bypass-audios-full/8mono_shit.ogg,1,bypass-audios-full,train
/Volumes/bleh/audiodeleto-dataset/bypass-audios-full/evt.mp3,1,bypass-audios-full,train
/Volumes/bleh/audiodeleto-dataset/bypass-audios-full/oggg - Creator Store.ogg,1,bypass-audios-full,train
/Volumes/bleh/audiodeleto-dataset/regular-songs-full/12e9f3486336a2a417a797e91701cab48d8ab9b0.mp3,0,regular-songs-full,train
/Volumes/bleh/audiodeleto-dataset/bypass-audios-full/yomoe.mp3,1,bypass-audios-full,train
/Volumes/bleh/audiodeleto-dataset/regular-songs-full/13eafe31171f57c70b72ea9382a91c5f14353841.mp3,0,regular-songs-full,train
/Volumes/bleh/audiodeleto-dataset/bypass-audios-full/EHTHRA & DANTDMFAN KILLSTREAK$ 32TRACK.mp3,1,bypass-audios-full,train
/Volumes/bleh/audiodeleto-dataset/bypass-audios-full/soulsnatcher.mp3,1,bypass-audios-full,train
/Volumes/bleh/audiodeleto-dataset/regular-songs-full/ed8e36cc7c5dd9578f31b1aec16d3cea3771d1e6.m4a,0,regular-songs-full,train
/Volumes/bleh/audiodeleto-dataset/regular-songs-full/3fc33b0e3bdb9b37bcd809918ce2ae8d206d3edc.m4a,0,regular-songs-full,train
/Volumes/bleh/audiodeleto-dataset/regular-songs-full/b8ad8f3be3fb99403662a8f47a232e8588293838.m4a,0,regular-songs-full,train
/Volumes/bleh/audiodeleto-dataset/bypass-audios-full/bootleh.ogg,1,bypass-audios-full,train
/Volumes/bleh/audiodeleto-dataset/bypass-audios-full/racks.mp3,1,bypass-audios-full,train
/Volumes/bleh/audiodeleto-dataset/regular-songs-full/cd6ef758e267e3f2e5c8536a15791e9c05d965ab.m4a,0,regular-songs-full,train
/Volumes/bleh/audiodeleto-dataset/regular-songs-full/2602fed71458e3971e9aad4bcdf750b9f11252b5.m4a,0,regular-songs-full,train
/Volumes/bleh/audiodeleto-dataset/regular-songs-full/acd2fd0bdbf474d6586fa93652828415487509bc.m4a,0,regular-songs-full,train
/Volumes/bleh/audiodeleto-dataset/bypass-audios-full/113511847812685.ogg,1,bypass-audios-full,train
/Volumes/bleh/audiodeleto-dataset/regular-songs-full/454ff1c3fc581cb8c9d8c585aab57e86cfe130a4.m4a,0,regular-songs-full,train
/Volumes/bleh/audiodeleto-dataset/regular-songs-full/7cfe9e02753a83543abe7b5ee1ebc9946400fbe4.m4a,0,regular-songs-full,train
/Volumes/bleh/audiodeleto-dataset/regular-songs-full/a4372f6b068c0b7c7a56ebef500a3821ce1f3e51.m4a,0,regular-songs-full,train
/Volumes/bleh/audiodeleto-dataset/bypass-audios-full/ShadicTheBest.ogg,1,bypass-audios-full,train
/Volumes/bleh/audiodeleto-dataset/bypass-audios-full/02. Tay-K — Erupt.m4a,1,bypass-audios-full,train
/Volumes/bleh/audiodeleto-dataset/regular-songs-full/6c5f3b49a37c0204aaf75295bb54f6e0351ecdec.mp3,0,regular-songs-full,train
/Volumes/bleh/audiodeleto-dataset/regular-songs-full/5434554e21bbce0b068f2e5760c33ba9c9e894c7.m4a,0,regular-songs-full,train
/Volumes/bleh/audiodeleto-dataset/bypass-audios-full/fuc2kyou333.ogg,1,bypass-audios-full,train
/Volumes/bleh/audiodeleto-dataset/bypass-audios-full/4364.ogg,1,bypass-audios-full,train
/Volumes/bleh/audiodeleto-dataset/regular-songs-full/35dd284f7ebf263fea42cc5b2acc6e59b716dfbb.m4a,0,regular-songs-full,train
/Volumes/bleh/audiodeleto-dataset/regular-songs-full/7f29f2490421f02e494f9fb7f2e006926ce41060.mp3,0,regular-songs-full,train
/Volumes/bleh/audiodeleto-dataset/bypass-audios-full/deemmane bait works 2026.ogg,1,bypass-audios-full,train
/Volumes/bleh/audiodeleto-dataset/regular-songs-full/Cowbell_God_e9cc39b9e8023c03ef.mp3,0,regular-songs-full,train
/Volumes/bleh/audiodeleto-dataset/bypass-audios-full/dfha-01.ogg,1,bypass-audios-full,train
/Volumes/bleh/audiodeleto-dataset/bypass-audios-full/lok..mp3,1,bypass-audios-full,train
/Volumes/bleh/audiodeleto-dataset/regular-songs-full/0d9e9c5e42de68cf5a9e7f23462a8aa492157174.m4a,0,regular-songs-full,train
/Volumes/bleh/audiodeleto-dataset/regular-songs-full/cfbada9b7e56b621e6b751bb5a282d73411a4be8.mp3,0,regular-songs-full,train
/Volumes/bleh/audiodeleto-dataset/bypass-audios-full/aud (2).ogg,1,bypass-audios-full,train
/Volumes/bleh/audiodeleto-dataset/bypass-audios-full/collab 2x-papelon.mp3,1,bypass-audios-full,train
/Volumes/bleh/audiodeleto-dataset/bypass-audios-full/zone.ogg,1,bypass-audios-full,train
/Volumes/bleh/audiodeleto-dataset/regular-songs-full/327470379d89d0f51eee05485319694dada3f0f4.mp3,0,regular-songs-full,train
/Volumes/bleh/audiodeleto-dataset/regular-songs-full/9c791368d7a247fe5b88eb978e4f1378483a8003.m4a,0,regular-songs-full,train
/Volumes/bleh/audiodeleto-dataset/bypass-audios-full/lets fguck mghhggmmm 146 yrsci.mp3,1,bypass-audios-full,train
/Volumes/bleh/audiodeleto-dataset/bypass-audios-full/91205846666646.ogg,1,bypass-audios-full,train
/Volumes/bleh/audiodeleto-dataset/regular-songs-full/34b571f30803afd849d0a941b90dc6c400d6af34.m4a,0,regular-songs-full,train
/Volumes/bleh/audiodeleto-dataset/regular-songs-full/ab7e21fba5fe75d1206f2c71d735301e88b68c6f.m4a,0,regular-songs-full,train
/Volumes/bleh/audiodeleto-dataset/bypass-audios-full/funni.mp3,1,bypass-audios-full,train
/Volumes/bleh/audiodeleto-dataset/regular-songs-full/0a3e425422a3cfabfe20757544b9e3202db6ffe0.m4a,0,regular-songs-full,train
/Volumes/bleh/audiodeleto-dataset/regular-songs-full/c495f99cccac418c659cb842eac8229954763427.m4a,0,regular-songs-full,train
/Volumes/bleh/audiodeleto-dataset/bypass-audios-full/herro.ogg,1,bypass-audios-full,train
/Volumes/bleh/audiodeleto-dataset/bypass-audios-full/Made-a-Mistake-Oops.mp3,1,bypass-audios-full,train
/Volumes/bleh/audiodeleto-dataset/bypass-audios-full/Bobby2pistolz - Fuck All Ni____s.mp3,1,bypass-audios-full,train
/Volumes/bleh/audiodeleto-dataset/regular-songs-full/43da2854d345e855302c62524b51e3ad501d505b.m4a,0,regular-songs-full,train
/Volumes/bleh/audiodeleto-dataset/bypass-audios-full/De kerst Techno.mp3,1,bypass-audios-full,train
/Volumes/bleh/audiodeleto-dataset/regular-songs-full/91d59e7c78a3305a7e9a688dd5051c50023ff3aa.m4a,0,regular-songs-full,train
/Volumes/bleh/audiodeleto-dataset/bypass-audios-full/syxx.ogg,1,bypass-audios-full,train
/Volumes/bleh/audiodeleto-dataset/bypass-audios-full/rari.ogg,1,bypass-audios-full,train
/Volumes/bleh/audiodeleto-dataset/bypass-audios-full/evil.mp3,1,bypass-audios-full,train
/Volumes/bleh/audiodeleto-dataset/bypass-audios-full/cupidddd6688.m4a,1,bypass-audios-full,train
/Volumes/bleh/audiodeleto-dataset/bypass-audios-full/silly.mp3,1,bypass-audios-full,train
/Volumes/bleh/audiodeleto-dataset/regular-songs-full/April_Fools_(Old_Version)_0a096c540f56dc2285.mp3,0,regular-songs-full,train
/Volumes/bleh/audiodeleto-dataset/bypass-audios-full/H7PX 2SKYLINE Funky Beat.mp3,1,bypass-audios-full,train
/Volumes/bleh/audiodeleto-dataset/bypass-audios-full/djplaythissong.wav,1,bypass-audios-full,train
/Volumes/bleh/audiodeleto-dataset/bypass-audios-full/h.mp3,1,bypass-audios-full,train
/Volumes/bleh/audiodeleto-dataset/bypass-audios-full/tiktok7.mp3,1,bypass-audios-full,train
/Volumes/bleh/audiodeleto-dataset/regular-songs-full/184f3f2417f048164b0c28b1ec28900b5c0847df.mp3,0,regular-songs-full,train
/Volumes/bleh/audiodeleto-dataset/regular-songs-full/342ee7cc780b91f3a9f72b72453558b764842dea.m4a,0,regular-songs-full,train
/Volumes/bleh/audiodeleto-dataset/regular-songs-full/36512129fbd8a20a6e394a67847af670d221d65c.m4a,0,regular-songs-full,train
/Volumes/bleh/audiodeleto-dataset/regular-songs-full/e77dcaab5474f886a347a7c20c1b27929ef99d03.m4a,0,regular-songs-full,train
/Volumes/bleh/audiodeleto-dataset/regular-songs-full/a5dea90c7a4d0715d638734963dc22ce7c602320.m4a,0,regular-songs-full,train
/Volumes/bleh/audiodeleto-dataset/regular-songs-full/1c7ad53fb8d9af419b0b1e6e04de6c9c9e5e42fe.mp3,0,regular-songs-full,train
/Volumes/bleh/audiodeleto-dataset/regular-songs-full/6d24ca2f5cf960ce4963f9f36aa63f8ce7bf8212.mp3,0,regular-songs-full,train
/Volumes/bleh/audiodeleto-dataset/bypass-audios-full/I_dont_fuck_wit_faggots_PROD_JOEHDAHReupload_KLICKAUD.mp3,1,bypass-audios-full,train
/Volumes/bleh/audiodeleto-dataset/regular-songs-full/d2d0da2cca1001b2a0bc86673bfedb503c42c691.m4a,0,regular-songs-full,train
/Volumes/bleh/audiodeleto-dataset/bypass-audios-full/clean (1).mp3,1,bypass-audios-full,train
/Volumes/bleh/audiodeleto-dataset/bypass-audios-full/nono.ogg,1,bypass-audios-full,train
/Volumes/bleh/audiodeleto-dataset/regular-songs-full/d11363cc9d3b8e744922d79a43db2f41598d356c.m4a,0,regular-songs-full,train
/Volumes/bleh/audiodeleto-dataset/regular-songs-full/DJ_WahRA_Remix_x_Tropic_Love_13386a8b33cee7d88a.mp3,0,regular-songs-full,train
/Volumes/bleh/audiodeleto-dataset/bypass-audios-full/ROBLOX LOUD BYPASSED HENCH MAFIA BY COMETHAZINE AUDIO BY SIMULATEDSPIRITS ULTRA MEGA RARE SUPER RARE LOUD(128K).mp3,1,bypass-audios-full,train
/Volumes/bleh/audiodeleto-dataset/regular-songs-full/b0888df5012c2f67cc4c1dc3960ba909c9ea1730.m4a,0,regular-songs-full,train
/Volumes/bleh/audiodeleto-dataset/bypass-audios-full/15860859206.ogg,1,bypass-audios-full,train
/Volumes/bleh/audiodeleto-dataset/regular-songs-full/Cupcake_e9cc39b9e8023c03ef.mp3,0,regular-songs-full,train
/Volumes/bleh/audiodeleto-dataset/regular-songs-full/8ae165eabfd2f89616e7b6475d554987eab4a21a.ogg,0,regular-songs-full,train
/Volumes/bleh/audiodeleto-dataset/regular-songs-full/119017252649b19cbdb90708c5803392f369d352.ogg,0,regular-songs-full,train
/Volumes/bleh/audiodeleto-dataset/bypass-audios-full/MidNight.ogg,1,bypass-audios-full,train
/Volumes/bleh/audiodeleto-dataset/bypass-audios-full/trench boy 3.mp3,1,bypass-audios-full,train
/Volumes/bleh/audiodeleto-dataset/regular-songs-full/403778ae5911ea36f48509d468407568b733f3d9.m4a,0,regular-songs-full,train
/Volumes/bleh/audiodeleto-dataset/regular-songs-full/8ce3ac5a4ebf0869c103c447fade140c3a12daf1.m4a,0,regular-songs-full,train
/Volumes/bleh/audiodeleto-dataset/bypass-audios-full/Neck Hurts - Maxiu - Heswatchingyou.mp3,1,bypass-audios-full,train
/Volumes/bleh/audiodeleto-dataset/regular-songs-full/d048b42c6bb978317e688b549978dfb8ac2b6b83.m4a,0,regular-songs-full,train
/Volumes/bleh/audiodeleto-dataset/regular-songs-full/f142c304d3121650d60eef0cbba505288449accc.mp3,0,regular-songs-full,train
/Volumes/bleh/audiodeleto-dataset/bypass-audios-full/2 (1).ogg,1,bypass-audios-full,train
/Volumes/bleh/audiodeleto-dataset/bypass-audios-full/t.mp3,1,bypass-audios-full,train
/Volumes/bleh/audiodeleto-dataset/bypass-audios-full/Indian Walmart Fart.mp3,1,bypass-audios-full,train
/Volumes/bleh/audiodeleto-dataset/bypass-audios-full/haha imagine MiE.mp3,1,bypass-audios-full,train
/Volumes/bleh/audiodeleto-dataset/bypass-audios-full/Darkside Click - Smoked Out (1997).mp3,1,bypass-audios-full,train
/Volumes/bleh/audiodeleto-dataset/regular-songs-full/5902f3bc5704a3746dfcdf9d2be5f32465189a8f.ogg,0,regular-songs-full,train
/Volumes/bleh/audiodeleto-dataset/bypass-audios-full/The Life Of A Wealthy One - Creator Store.ogg,1,bypass-audios-full,train
/Volumes/bleh/audiodeleto-dataset/bypass-audios-full/Zombo.ogg,1,bypass-audios-full,train
/Volumes/bleh/audiodeleto-dataset/bypass-audios-full/4arms.ogg,1,bypass-audios-full,train
/Volumes/bleh/audiodeleto-dataset/bypass-audios-full/trick_(RARE) 2.mp3,1,bypass-audios-full,train
/Volumes/bleh/audiodeleto-dataset/bypass-audios-full/fa.ogg,1,bypass-audios-full,train
/Volumes/bleh/audiodeleto-dataset/bypass-audios-full/HAHA.ogg,1,bypass-audios-full,train
/Volumes/bleh/audiodeleto-dataset/bypass-audios-full/we want remix - Creator Store (1).ogg,1,bypass-audios-full,train
/Volumes/bleh/audiodeleto-dataset/bypass-audios-full/titledoggvorbis-SETSBROKEN3.ogg,1,bypass-audios-full,train
/Volumes/bleh/audiodeleto-dataset/regular-songs-full/23584a8fdcf1c3064dee90551f1ee030b0a3004a.m4a,0,regular-songs-full,train
/Volumes/bleh/audiodeleto-dataset/bypass-audios-full/frenchdri.mp3,1,bypass-audios-full,train
/Volumes/bleh/audiodeleto-dataset/bypass-audios-full/aint go.ogg,1,bypass-audios-full,train
/Volumes/bleh/audiodeleto-dataset/bypass-audios-full/piles.mp3,1,bypass-audios-full,train
/Volumes/bleh/audiodeleto-dataset/bypass-audios-full/icanseeurfitbleeds.mp3,1,bypass-audios-full,train
/Volumes/bleh/audiodeleto-dataset/regular-songs-full/DJ_AKU_AISYAH_x_BANI_DESIBELI_DRIMBEL_x_AKU_MEMANG_JANDA_9d1b52f7d7353748cd.mp3,0,regular-songs-full,train
/Volumes/bleh/audiodeleto-dataset/regular-songs-full/050c480d6eab104c39b572212fda61b09397ca11.m4a,0,regular-songs-full,train
/Volumes/bleh/audiodeleto-dataset/regular-songs-full/c8d9a6a62f93e58617bce592186865501459b0a6.m4a,0,regular-songs-full,train
/Volumes/bleh/audiodeleto-dataset/regular-songs-full/b6a592aaf157fd260d608efac94662f7cd5d659d.m4a,0,regular-songs-full,train
/Volumes/bleh/audiodeleto-dataset/bypass-audios-full/supermario.mp3,1,bypass-audios-full,train
/Volumes/bleh/audiodeleto-dataset/regular-songs-full/939de43f39aad8470b345cd761f8daba9fd9cca1.m4a,0,regular-songs-full,train
/Volumes/bleh/audiodeleto-dataset/regular-songs-full/beastie_girls_e46dc6ace010bf7ee8.mp3,0,regular-songs-full,train
/Volumes/bleh/audiodeleto-dataset/bypass-audios-full/doom3.ogg,1,bypass-audios-full,train
/Volumes/bleh/audiodeleto-dataset/regular-songs-full/291430d028e5abf3ab90ed289084c1b1c6195613.mp3,0,regular-songs-full,train
/Volumes/bleh/audiodeleto-dataset/bypass-audios-full/MARLEY X TOOPLOOP RARE FREDDIE DREDD.mp3,1,bypass-audios-full,train
/Volumes/bleh/audiodeleto-dataset/bypass-audios-full/islurwhenitalk DrXp.ogg,1,bypass-audios-full,train
/Volumes/bleh/audiodeleto-dataset/regular-songs-full/362a582c7fa878b056531702e99d58075ced51ef.mp3,0,regular-songs-full,train
/Volumes/bleh/audiodeleto-dataset/bypass-audios-full/u4-v2.ogg,1,bypass-audios-full,train
/Volumes/bleh/audiodeleto-dataset/bypass-audios-full/Totujgdfig.mp3,1,bypass-audios-full,train
/Volumes/bleh/audiodeleto-dataset/bypass-audios-full/lonely nights (1).mp3,1,bypass-audios-full,train
/Volumes/bleh/audiodeleto-dataset/bypass-audios-full/uk.mp3,1,bypass-audios-full,train
/Volumes/bleh/audiodeleto-dataset/bypass-audios-full/misason..mp3,1,bypass-audios-full,train
/Volumes/bleh/audiodeleto-dataset/bypass-audios-full/Breathin.m4a,1,bypass-audios-full,train
/Volumes/bleh/audiodeleto-dataset/bypass-audios-full/hey there - Creator Store.ogg,1,bypass-audios-full,train
/Volumes/bleh/audiodeleto-dataset/regular-songs-full/50d088813a789e4a21d10a723b7400613a846e45.mp3,0,regular-songs-full,train
/Volumes/bleh/audiodeleto-dataset/bypass-audios-full/shoot-01.ogg,1,bypass-audios-full,train
/Volumes/bleh/audiodeleto-dataset/regular-songs-full/4b0aaf1305bc4440174bd441dd963a6c59f16065.mp3,0,regular-songs-full,train
/Volumes/bleh/audiodeleto-dataset/regular-songs-full/a961db3f6646bd9d1141ce8416dcb48b5a25fbc1.m4a,0,regular-songs-full,train
/Volumes/bleh/audiodeleto-dataset/regular-songs-full/c75a963068d7e01c4c902f3aed7a31326431e7c9.m4a,0,regular-songs-full,train
/Volumes/bleh/audiodeleto-dataset/regular-songs-full/cb69cc3c382af903bbc06798a04926b401f2a3f8.m4a,0,regular-songs-full,train
/Volumes/bleh/audiodeleto-dataset/bypass-audios-full/BLCKGANG X DIGITALANGELS XI977 collab.mp3,1,bypass-audios-full,train
/Volumes/bleh/audiodeleto-dataset/regular-songs-full/00723c578587daf33ab8867a72b7f1f4a7eb0226.m4a,0,regular-songs-full,train
/Volumes/bleh/audiodeleto-dataset/bypass-audios-full/dskrd mod.ogg,1,bypass-audios-full,train
/Volumes/bleh/audiodeleto-dataset/regular-songs-full/a74098e9bb193d547115fb9492a274e759ab088b.m4a,0,regular-songs-full,train
/Volumes/bleh/audiodeleto-dataset/bypass-audios-full/ngl this is a earrape this point.ogg,1,bypass-audios-full,train
/Volumes/bleh/audiodeleto-dataset/bypass-audios-full/yaght.ogg,1,bypass-audios-full,train
/Volumes/bleh/audiodeleto-dataset/regular-songs-full/8f84f7e7731ac52b81522a082011dc182814cc3f.m4a,0,regular-songs-full,train
/Volumes/bleh/audiodeleto-dataset/bypass-audios-full/$RFWWEKR.ogg,1,bypass-audios-full,train
/Volumes/bleh/audiodeleto-dataset/regular-songs-full/Celebration_Bossfight_-_Conflict_Across_the_Pit_45a4db.mp3,0,regular-songs-full,train
/Volumes/bleh/audiodeleto-dataset/bypass-audios-full/roblox bypassed audio waste-my-time.mp3-1153192055.mp3,1,bypass-audios-full,train
/Volumes/bleh/audiodeleto-dataset/regular-songs-full/d024ee697806f86ecf907f29855378487927ec51.m4a,0,regular-songs-full,train
/Volumes/bleh/audiodeleto-dataset/bypass-audios-full/2323.ogg,1,bypass-audios-full,train
/Volumes/bleh/audiodeleto-dataset/regular-songs-full/97e71ef043754bc6f027e5a5a7daaee4a5284396.m4a,0,regular-songs-full,train
/Volumes/bleh/audiodeleto-dataset/regular-songs-full/6f0e980dd06bee77fdd431675aa6a2e94b84463b.mp3,0,regular-songs-full,train
/Volumes/bleh/audiodeleto-dataset/regular-songs-full/09f0304b2a0fcf48a68fe3a1e512e5a62c7d2a03.m4a,0,regular-songs-full,train
/Volumes/bleh/audiodeleto-dataset/bypass-audios-full/progamercool badaboom.mp3,1,bypass-audios-full,train
/Volumes/bleh/audiodeleto-dataset/regular-songs-full/aa7d35a2398820bdb129d3b38a74352c02124600.m4a,0,regular-songs-full,train
/Volumes/bleh/audiodeleto-dataset/regular-songs-full/6afe72fb1442f70e067ab1fbfef538f35d54188f.m4a,0,regular-songs-full,train
/Volumes/bleh/audiodeleto-dataset/bypass-audios-full/meow.ogg,1,bypass-audios-full,train
/Volumes/bleh/audiodeleto-dataset/bypass-audios-full/mouse click.ogg,1,bypass-audios-full,train
/Volumes/bleh/audiodeleto-dataset/regular-songs-full/620bc2ad4e28658c814a6f7dcd6e45d983a83eb2.m4a,0,regular-songs-full,train
/Volumes/bleh/audiodeleto-dataset/bypass-audios-full/D1SSL.ogg,1,bypass-audios-full,train
/Volumes/bleh/audiodeleto-dataset/regular-songs-full/9f9531540f3f74c21a4f78e3ef0cd668edd2cbf5.ogg,0,regular-songs-full,train
/Volumes/bleh/audiodeleto-dataset/regular-songs-full/dca74378914926964344e6ab24f5be5735daeb3d.mp3,0,regular-songs-full,train
/Volumes/bleh/audiodeleto-dataset/regular-songs-full/09ae903858b027c5686f94ca29590037ef92e6d0.m4a,0,regular-songs-full,train
/Volumes/bleh/audiodeleto-dataset/bypass-audios-full/OeOee!.ogg,1,bypass-audios-full,train
/Volumes/bleh/audiodeleto-dataset/regular-songs-full/c1b095446db5d7196d950681ba744188ba218718.m4a,0,regular-songs-full,train
/Volumes/bleh/audiodeleto-dataset/bypass-audios-full/cold.mp3,1,bypass-audios-full,train
/Volumes/bleh/audiodeleto-dataset/regular-songs-full/2b0934a5d925b5d5b94f585fc217301fad0546ae.m4a,0,regular-songs-full,train
/Volumes/bleh/audiodeleto-dataset/bypass-audios-full/River_SFX_Cool.ogg,1,bypass-audios-full,train
/Volumes/bleh/audiodeleto-dataset/bypass-audios-full/idk 71hd idk LSD on my tongue.ogg,1,bypass-audios-full,train
/Volumes/bleh/audiodeleto-dataset/bypass-audios-full/xoxo.mp3,1,bypass-audios-full,train
/Volumes/bleh/audiodeleto-dataset/bypass-audios-full/AR.ogg,1,bypass-audios-full,train
/Volumes/bleh/audiodeleto-dataset/regular-songs-full/79783f7558a88bbc63a9c344555d0ec0e08ad2bd.m4a,0,regular-songs-full,train
/Volumes/bleh/audiodeleto-dataset/bypass-audios-full/wow3.ogg,1,bypass-audios-full,train
/Volumes/bleh/audiodeleto-dataset/bypass-audios-full/deaf ass server manee.ogg,1,bypass-audios-full,train
/Volumes/bleh/audiodeleto-dataset/regular-songs-full/60e5d6d8d7be88a52fc5f0e7ee90908072992037.m4a,0,regular-songs-full,train
/Volumes/bleh/audiodeleto-dataset/bypass-audios-full/LORDDRIZZYD X DASHIE METAL BEAT.mp3,1,bypass-audios-full,train
/Volumes/bleh/audiodeleto-dataset/regular-songs-full/DJ_WahRA_Remix_x_Akimilaku_x_Gausah_di_pikirin__76e84f1b40bf838706.mp3,0,regular-songs-full,train
/Volumes/bleh/audiodeleto-dataset/regular-songs-full/EEYUH!_e9cc39b9e8023c03ef.mp3,0,regular-songs-full,train
/Volumes/bleh/audiodeleto-dataset/bypass-audios-full/ranks-intro.ogg,1,bypass-audios-full,train
/Volumes/bleh/audiodeleto-dataset/bypass-audios-full/vbjfjw6.ogg,1,bypass-audios-full,train
/Volumes/bleh/audiodeleto-dataset/regular-songs-full/c8494e8b4210f1e81e0eda4b7b1729c11e7cb938.m4a,0,regular-songs-full,train
/Volumes/bleh/audiodeleto-dataset/regular-songs-full/cc304d33178ac41752bfe6a6f7bc603baebe095e.m4a,0,regular-songs-full,train
/Volumes/bleh/audiodeleto-dataset/regular-songs-full/a5e3fc66fd1fd8ddaa0996b373128e4b9cd36f61.m4a,0,regular-songs-full,train
/Volumes/bleh/audiodeleto-dataset/bypass-audios-full/MASSOGG-1 (2).ogg,1,bypass-audios-full,train
/Volumes/bleh/audiodeleto-dataset/regular-songs-full/d9d3309a6719a5b29340acaac0b8e7346be27e22.m4a,0,regular-songs-full,train
/Volumes/bleh/audiodeleto-dataset/regular-songs-full/56e4019d6566b4712d26beeea9297f89ac5decf2.mp3,0,regular-songs-full,train
/Volumes/bleh/audiodeleto-dataset/regular-songs-full/801e1a98f3cd41e9935c0ebff47a3e03229e80e3.mp3,0,regular-songs-full,train
/Volumes/bleh/audiodeleto-dataset/bypass-audios-full/BakOutside.mp3,1,bypass-audios-full,train
/Volumes/bleh/audiodeleto-dataset/regular-songs-full/b745a946e8d5d473d4f0dcc4f9e091b6d3ac1fb0.m4a,0,regular-songs-full,train
/Volumes/bleh/audiodeleto-dataset/regular-songs-full/15e833f276920814a76253d47ad481b259d1ce9d.m4a,0,regular-songs-full,train
/Volumes/bleh/audiodeleto-dataset/regular-songs-full/Evil_Maniacal_Type_Beat_6d506c1dfab0fa7675.mp3,0,regular-songs-full,train
/Volumes/bleh/audiodeleto-dataset/regular-songs-full/6bf32e9c8c65ae579ae58113002e0629c420c840.m4a,0,regular-songs-full,train
/Volumes/bleh/audiodeleto-dataset/bypass-audios-full/anime thighs DrXp.ogg,1,bypass-audios-full,train
/Volumes/bleh/audiodeleto-dataset/bypass-audios-full/beat by progamercool312 demo.mp3,1,bypass-audios-full,train
/Volumes/bleh/audiodeleto-dataset/bypass-audios-full/intro PrisonSlasha.ogg,1,bypass-audios-full,train
/Volumes/bleh/audiodeleto-dataset/bypass-audios-full/ohboyogg.ogg,1,bypass-audios-full,train
/Volumes/bleh/audiodeleto-dataset/bypass-audios-full/copy_A8F78071-03C7-41C3-843D-E8838E059DCD.ogg,1,bypass-audios-full,train
/Volumes/bleh/audiodeleto-dataset/regular-songs-full/9d649e5925dbf61dbdbd7fe97332d1e0ef606e4c.m4a,0,regular-songs-full,train
/Volumes/bleh/audiodeleto-dataset/bypass-audios-full/123550348339029.ogg,1,bypass-audios-full,train
/Volumes/bleh/audiodeleto-dataset/regular-songs-full/1f3a70a9047a1990f9dc3d281dd61a364bc8394b.m4a,0,regular-songs-full,train
/Volumes/bleh/audiodeleto-dataset/regular-songs-full/0d3cfbc47999ed3146107313693c8efc105a1a16.mp3,0,regular-songs-full,train
/Volumes/bleh/audiodeleto-dataset/bypass-audios-full/pull.mp3,1,bypass-audios-full,train
/Volumes/bleh/audiodeleto-dataset/bypass-audios-full/97661523.ogg,1,bypass-audios-full,train
/Volumes/bleh/audiodeleto-dataset/regular-songs-full/b0fafb8c619e703d264c73e4e050c284b7186e33.mp3,0,regular-songs-full,train
/Volumes/bleh/audiodeleto-dataset/regular-songs-full/50992dde9871ff789e447eb61192d29897a48109.m4a,0,regular-songs-full,train
/Volumes/bleh/audiodeleto-dataset/regular-songs-full/f4f8f168b346fc3081b8d92bf84e8f0503f7d8e3.m4a,0,regular-songs-full,train
/Volumes/bleh/audiodeleto-dataset/regular-songs-full/6183c7c1ab4ab41108242bd991656a3ad23d9348.mp3,0,regular-songs-full,train
/Volumes/bleh/audiodeleto-dataset/bypass-audios-full/2.ogg,1,bypass-audios-full,train
/Volumes/bleh/audiodeleto-dataset/bypass-audios-full/bang bang 143 yrsci.mp3,1,bypass-audios-full,train
/Volumes/bleh/audiodeleto-dataset/regular-songs-full/df0605587f8b34379bb0066122ca9a5fd99594b8.m4a,0,regular-songs-full,train
/Volumes/bleh/audiodeleto-dataset/regular-songs-full/da840f53b5f4abbe965873a3774c85f0dfeeee71.m4a,0,regular-songs-full,train
/Volumes/bleh/audiodeleto-dataset/bypass-audios-full/7Savag33 - Is Ya Ready.m4a,1,bypass-audios-full,train
/Volumes/bleh/audiodeleto-dataset/bypass-audios-full/lele.ogg,1,bypass-audios-full,train
/Volumes/bleh/audiodeleto-dataset/bypass-audios-full/rarecollablol.mp3,1,bypass-audios-full,train
/Volumes/bleh/audiodeleto-dataset/bypass-audios-full/7xbrk.mp3,1,bypass-audios-full,train
/Volumes/bleh/audiodeleto-dataset/bypass-audios-full/15583931265.ogg,1,bypass-audios-full,train
/Volumes/bleh/audiodeleto-dataset/bypass-audios-full/yes.mp3,1,bypass-audios-full,train
/Volumes/bleh/audiodeleto-dataset/bypass-audios-full/NPCfacebookMOMtrack.mp3,1,bypass-audios-full,train
/Volumes/bleh/audiodeleto-dataset/regular-songs-full/7314b8b4a1708a6514401fa58a5d29b0949fb40c.mp3,0,regular-songs-full,train
/Volumes/bleh/audiodeleto-dataset/bypass-audios-full/tv-static.ogg,1,bypass-audios-full,train
/Volumes/bleh/audiodeleto-dataset/regular-songs-full/1a8f8afcd1bae0830ba898c14db08d79525f9317.m4a,0,regular-songs-full,train
/Volumes/bleh/audiodeleto-dataset/regular-songs-full/DJ_BANI_DESIBELI_DRIMBEL_x_BIKIN_MALU_remix_03ba5640481ae630de.mp3,0,regular-songs-full,train
/Volumes/bleh/audiodeleto-dataset/regular-songs-full/b8c191835dde0688cb5eb7288713c2757372e623.m4a,0,regular-songs-full,train
/Volumes/bleh/audiodeleto-dataset/bypass-audios-full/Tu y yo nena nivel 100.wav,1,bypass-audios-full,train
/Volumes/bleh/audiodeleto-dataset/bypass-audios-full/37.mp3,1,bypass-audios-full,train
/Volumes/bleh/audiodeleto-dataset/regular-songs-full/b6fbac093ec334f45479b5643a97ad02d9c8707f.mp3,0,regular-songs-full,train
/Volumes/bleh/audiodeleto-dataset/bypass-audios-full/p3.ogg,1,bypass-audios-full,train
/Volumes/bleh/audiodeleto-dataset/bypass-audios-full/888how.ogg,1,bypass-audios-full,train
/Volumes/bleh/audiodeleto-dataset/regular-songs-full/d57af0f24ad03d092e05c69d0184618fa37da96a.m4a,0,regular-songs-full,train
/Volumes/bleh/audiodeleto-dataset/regular-songs-full/d2c546924790b308afe7266a032968f3659f08cd.m4a,0,regular-songs-full,train
/Volumes/bleh/audiodeleto-dataset/regular-songs-full/a84ebe5901f22af0bdd651668631fc51a6dc4c5c.m4a,0,regular-songs-full,train
/Volumes/bleh/audiodeleto-dataset/regular-songs-full/0b39ae4f425850250dfba9ec7c7118aaab556814.m4a,0,regular-songs-full,validation
/Volumes/bleh/audiodeleto-dataset/bypass-audios-full/ADSASDng.ogg,1,bypass-audios-full,validation
/Volumes/bleh/audiodeleto-dataset/bypass-audios-full/soujaboy.mp3,1,bypass-audios-full,validation
/Volumes/bleh/audiodeleto-dataset/bypass-audios-full/get jiggy.mp3,1,bypass-audios-full,validation
/Volumes/bleh/audiodeleto-dataset/regular-songs-full/322cc710611157c8289f9544060d513d69586a11.mp3,0,regular-songs-full,validation
/Volumes/bleh/audiodeleto-dataset/regular-songs-full/7dc4c19193534574623c0ccc70caa915b6415dcd.m4a,0,regular-songs-full,validation
/Volumes/bleh/audiodeleto-dataset/bypass-audios-full/NO_laf.ogg,1,bypass-audios-full,validation
/Volumes/bleh/audiodeleto-dataset/regular-songs-full/ab73e0c0d4c67a136a2a0ab917095281f54efcaa.m4a,0,regular-songs-full,validation
/Volumes/bleh/audiodeleto-dataset/regular-songs-full/a40d4c351fea2388d9fef7cbdf488fd681a2dc1a.mp3,0,regular-songs-full,validation
/Volumes/bleh/audiodeleto-dataset/bypass-audios-full/co.ogg,1,bypass-audios-full,validation
/Volumes/bleh/audiodeleto-dataset/bypass-audios-full/wow (1).ogg,1,bypass-audios-full,validation
/Volumes/bleh/audiodeleto-dataset/regular-songs-full/abb8fbb01ebaa56cacea10fa88ddce4f7441d948.m4a,0,regular-songs-full,validation
/Volumes/bleh/audiodeleto-dataset/bypass-audios-full/tasty (1).ogg,1,bypass-audios-full,validation
/Volumes/bleh/audiodeleto-dataset/regular-songs-full/02fa205a582b45c8525964e1bf8599b1f39ee17a.m4a,0,regular-songs-full,validation
/Volumes/bleh/audiodeleto-dataset/bypass-audios-full/idk.mp3,1,bypass-audios-full,validation
/Volumes/bleh/audiodeleto-dataset/bypass-audios-full/tssofire.ogg,1,bypass-audios-full,validation
/Volumes/bleh/audiodeleto-dataset/bypass-audios-full/blabber.mp3,1,bypass-audios-full,validation
/Volumes/bleh/audiodeleto-dataset/bypass-audios-full/MyAudio.ogg,1,bypass-audios-full,validation
/Volumes/bleh/audiodeleto-dataset/bypass-audios-full/trick_(RARE) 2.ogg,1,bypass-audios-full,validation
/Volumes/bleh/audiodeleto-dataset/bypass-audios-full/CarPart.ogg,1,bypass-audios-full,validation
/Volumes/bleh/audiodeleto-dataset/regular-songs-full/87dfc5397e1cd390c2db0bd4a37882ff1da15539.m4a,0,regular-songs-full,validation
/Volumes/bleh/audiodeleto-dataset/bypass-audios-full/16124373991.ogg,1,bypass-audios-full,validation
/Volumes/bleh/audiodeleto-dataset/bypass-audios-full/She.ogg,1,bypass-audios-full,validation
/Volumes/bleh/audiodeleto-dataset/bypass-audios-full/bicicleta.ogg,1,bypass-audios-full,validation
/Volumes/bleh/audiodeleto-dataset/regular-songs-full/f3d40ce9f5e4a420704999523be6eedbeeebf662.mp3,0,regular-songs-full,validation
/Volumes/bleh/audiodeleto-dataset/bypass-audios-full/1215719938.mp3,1,bypass-audios-full,validation
/Volumes/bleh/audiodeleto-dataset/bypass-audios-full/NikkherBoy.ogg,1,bypass-audios-full,validation
/Volumes/bleh/audiodeleto-dataset/bypass-audios-full/fire gng.mp3,1,bypass-audios-full,validation
/Volumes/bleh/audiodeleto-dataset/bypass-audios-full/58.604db.ogg,1,bypass-audios-full,validation
/Volumes/bleh/audiodeleto-dataset/bypass-audios-full/gone2.ogg,1,bypass-audios-full,validation
/Volumes/bleh/audiodeleto-dataset/regular-songs-full/5745ee8221215bf568cc493dec4c887726ffb1d8.ogg,0,regular-songs-full,validation
/Volumes/bleh/audiodeleto-dataset/bypass-audios-full/1.mp3,1,bypass-audios-full,validation
/Volumes/bleh/audiodeleto-dataset/bypass-audios-full/be.ogg,1,bypass-audios-full,validation
/Volumes/bleh/audiodeleto-dataset/regular-songs-full/33f3c7b545772ffc579fb354041e688b98be076b.m4a,0,regular-songs-full,validation
/Volumes/bleh/audiodeleto-dataset/regular-songs-full/71905a3ce9d36344e9fab3f18574a3351fda6dbf.m4a,0,regular-songs-full,validation
/Volumes/bleh/audiodeleto-dataset/bypass-audios-full/133121351350143 ID.mp3,1,bypass-audios-full,validation
/Volumes/bleh/audiodeleto-dataset/regular-songs-full/1324d110d6ad119f70ec7f65abc88289ca8f6c0d.m4a,0,regular-songs-full,validation
/Volumes/bleh/audiodeleto-dataset/regular-songs-full/All_about_the_law_e9cc39b9e8023c03ef.mp3,0,regular-songs-full,validation
/Volumes/bleh/audiodeleto-dataset/bypass-audios-full/NotoriousKKK.mp3,1,bypass-audios-full,validation
/Volumes/bleh/audiodeleto-dataset/bypass-audios-full/ROBLOX LOUD BYPASSED PISSY PAMPER BY PLAYBOI CARTI AUDIO BY 24KJACOB ULTRA MEGA RARE SUPER RARE LOUD.mp3,1,bypass-audios-full,validation
/Volumes/bleh/audiodeleto-dataset/bypass-audios-full/ok i pull up.ogg,1,bypass-audios-full,validation
/Volumes/bleh/audiodeleto-dataset/regular-songs-full/6ee386648b6256602089efc8b5c118a0f30fe2f7.m4a,0,regular-songs-full,validation
/Volumes/bleh/audiodeleto-dataset/regular-songs-full/b24cbbbf8f9854b27f99938713fc984c3c350598.m4a,0,regular-songs-full,validation
/Volumes/bleh/audiodeleto-dataset/regular-songs-full/DJ_WahRA_Remix_Iurus_b5d9f2a2918322ff77.mp3,0,regular-songs-full,validation
/Volumes/bleh/audiodeleto-dataset/bypass-audios-full/GNGBST_raw.ogg,1,bypass-audios-full,validation
/Volumes/bleh/audiodeleto-dataset/bypass-audios-full/zoink cover (1).ogg,1,bypass-audios-full,validation
/Volumes/bleh/audiodeleto-dataset/bypass-audios-full/Gπ.mp3,1,bypass-audios-full,validation
/Volumes/bleh/audiodeleto-dataset/regular-songs-full/162ee5d0b0c22c39ffdc71357134613fd464e1b5.m4a,0,regular-songs-full,validation
/Volumes/bleh/audiodeleto-dataset/regular-songs-full/e0dbf04bb900973cbbc564a94330bde3e6273d98.m4a,0,regular-songs-full,validation
/Volumes/bleh/audiodeleto-dataset/regular-songs-full/b8d3dca36a5f967a78e91044b2eed525ea058ebf.m4a,0,regular-songs-full,validation
/Volumes/bleh/audiodeleto-dataset/regular-songs-full/537b4ef53209fe6bb5fe4ceacca7f715a0e6fc5d.mp3,0,regular-songs-full,validation
/Volumes/bleh/audiodeleto-dataset/regular-songs-full/5f64decb21a289bc4cbff4075cde1ddbfd24b766.m4a,0,regular-songs-full,validation
/Volumes/bleh/audiodeleto-dataset/regular-songs-full/9a8f3555730400afcbd2149701236bc192a393fa.m4a,0,regular-songs-full,validation
/Volumes/bleh/audiodeleto-dataset/bypass-audios-full/TAY K SNEK2RK.ogg,1,bypass-audios-full,validation
/Volumes/bleh/audiodeleto-dataset/bypass-audios-full/nightroad8mono.ogg,1,bypass-audios-full,validation
/Volumes/bleh/audiodeleto-dataset/bypass-audios-full/1255 draconian 155 yrsci.mp3,1,bypass-audios-full,validation
/Volumes/bleh/audiodeleto-dataset/regular-songs-full/5b51f36cb1f1606508e9877a9f8ddcd10a6d8b32.mp3,0,regular-songs-full,validation
/Volumes/bleh/audiodeleto-dataset/regular-songs-full/439e40f2c25dd6b6265c35269eb5ec947801e925.m4a,0,regular-songs-full,validation
/Volumes/bleh/audiodeleto-dataset/bypass-audios-full/clean 2 (1).mp3,1,bypass-audios-full,validation
/Volumes/bleh/audiodeleto-dataset/regular-songs-full/64d21241a8bdbdc925468a45d1165314fbfb1a50.ogg,0,regular-songs-full,validation
/Volumes/bleh/audiodeleto-dataset/bypass-audios-full/hellrell.mp3,1,bypass-audios-full,validation
/Volumes/bleh/audiodeleto-dataset/regular-songs-full/646946b9f86ad509f7fd5a82088374119fc9e5f7.mp3,0,regular-songs-full,validation
/Volumes/bleh/audiodeleto-dataset/bypass-audios-full/amo femboys gulosos.mp3,1,bypass-audios-full,validation
/Volumes/bleh/audiodeleto-dataset/bypass-audios-full/wow.ogg,1,bypass-audios-full,validation
/Volumes/bleh/audiodeleto-dataset/regular-songs-full/4781d2bfac1661cb34f29a001bb840c5cdec5a3e.m4a,0,regular-songs-full,validation
/Volumes/bleh/audiodeleto-dataset/bypass-audios-full/amfp.mp3,1,bypass-audios-full,validation
/Volumes/bleh/audiodeleto-dataset/regular-songs-full/e8dc392d5e17aeef541af2e8bdfcabf792551fb0.ogg,0,regular-songs-full,validation
/Volumes/bleh/audiodeleto-dataset/bypass-audios-full/the trench boys.wav,1,bypass-audios-full,validation
/Volumes/bleh/audiodeleto-dataset/regular-songs-full/246d822b72a9b143c1997a05d3eda3aa2c5572f7.m4a,0,regular-songs-full,validation
/Volumes/bleh/audiodeleto-dataset/regular-songs-full/7c068f80d8ebf60bee87f6fa43b8555252e6a66f.m4a,0,regular-songs-full,validation
/Volumes/bleh/audiodeleto-dataset/regular-songs-full/50ce9634183570c846bf922bdecb032b246a1dde.mp3,0,regular-songs-full,validation
/Volumes/bleh/audiodeleto-dataset/regular-songs-full/65e3b0c9f4a0c3c541573909cb7a232b0bcd287f.m4a,0,regular-songs-full,validation
/Volumes/bleh/audiodeleto-dataset/regular-songs-full/14c5cdf25a7cee2aecd8a1c6e400d3e1066768b9.mp3,0,regular-songs-full,validation
/Volumes/bleh/audiodeleto-dataset/regular-songs-full/1d3f9efdbb32521dd3df8fa1157e0c268fa651a9.mp3,0,regular-songs-full,validation
/Volumes/bleh/audiodeleto-dataset/regular-songs-full/502b15d875b57e911ac89ee0f3111e5b92617d71.mp3,0,regular-songs-full,validation
/Volumes/bleh/audiodeleto-dataset/regular-songs-full/4c309a216f998b5075c008a0913c7efc4d6ca9eb.m4a,0,regular-songs-full,validation
/Volumes/bleh/audiodeleto-dataset/regular-songs-full/016680af7a26584b015c9cafc384891faf1fbb0a.m4a,0,regular-songs-full,validation
/Volumes/bleh/audiodeleto-dataset/bypass-audios-full/bitcoinn.mp3,1,bypass-audios-full,validation
/Volumes/bleh/audiodeleto-dataset/bypass-audios-full/2x - 2xyyy.ogg,1,bypass-audios-full,validation
/Volumes/bleh/audiodeleto-dataset/bypass-audios-full/deaf ass server manee2.ogg,1,bypass-audios-full,validation
/Volumes/bleh/audiodeleto-dataset/bypass-audios-full/real legends.ogg,1,bypass-audios-full,validation
/Volumes/bleh/audiodeleto-dataset/regular-songs-full/34cbaf905ee9c83961da2c67254447d4d8bfd4de.m4a,0,regular-songs-full,validation
/Volumes/bleh/audiodeleto-dataset/regular-songs-full/65e60be87a399c2b42e520f7b0e9cd33548d5e08.mp3,0,regular-songs-full,validation
/Volumes/bleh/audiodeleto-dataset/bypass-audios-full/t.wav,1,bypass-audios-full,validation
/Volumes/bleh/audiodeleto-dataset/regular-songs-full/507d954891eefa226d6ce4c470c15f343ff21e2d.m4a,0,regular-songs-full,validation
/Volumes/bleh/audiodeleto-dataset/bypass-audios-full/massivegangaud.ogg,1,bypass-audios-full,validation
/Volumes/bleh/audiodeleto-dataset/regular-songs-full/ddr01_caec01d230187c6601.mp3,0,regular-songs-full,validation
/Volumes/bleh/audiodeleto-dataset/bypass-audios-full/DrXp zip and a double cup.ogg,1,bypass-audios-full,validation
/Volumes/bleh/audiodeleto-dataset/regular-songs-full/1c1cea739c8c3759ad79bf54aab5ee473e2a11a1.m4a,0,regular-songs-full,validation
/Volumes/bleh/audiodeleto-dataset/bypass-audios-full/failing.ogg,1,bypass-audios-full,validation
/Volumes/bleh/audiodeleto-dataset/regular-songs-full/9590c39725c3d71ff6c0003e7ca5aecc56ab5a9d.m4a,0,regular-songs-full,validation
/Volumes/bleh/audiodeleto-dataset/bypass-audios-full/we_hate_fucking_niggers.mp3,1,bypass-audios-full,validation
/Volumes/bleh/audiodeleto-dataset/regular-songs-full/9820a4954d8f9ee3db073befdcafa996d0ded8cf.m4a,0,regular-songs-full,validation
/Volumes/bleh/audiodeleto-dataset/regular-songs-full/83834104b70c30eb9dbe8c8b81044c21e8d884d5.m4a,0,regular-songs-full,validation
/Volumes/bleh/audiodeleto-dataset/regular-songs-full/056717be0cdb779f5f35dcfc0610ccfac72225ee.mp3,0,regular-songs-full,validation
/Volumes/bleh/audiodeleto-dataset/bypass-audios-full/changes.mp3,1,bypass-audios-full,validation
/Volumes/bleh/audiodeleto-dataset/regular-songs-full/9ce627dfaf41f4d3ae3389d52f196d082a9667db.m4a,0,regular-songs-full,validation
/Volumes/bleh/audiodeleto-dataset/bypass-audios-full/whos to blame for it tho 140 yrsci.mp3,1,bypass-audios-full,validation
/Volumes/bleh/audiodeleto-dataset/regular-songs-full/030d76445a690c17d945a4f466ce5449268f6961.mp3,0,regular-songs-full,validation
/Volumes/bleh/audiodeleto-dataset/regular-songs-full/6e143338b8ce26bb5e30a9c2eef623afc1a2fd9b.m4a,0,regular-songs-full,validation
/Volumes/bleh/audiodeleto-dataset/bypass-audios-full/finished (3).ogg,1,bypass-audios-full,validation
/Volumes/bleh/audiodeleto-dataset/regular-songs-full/3e4c5ab98384d9a521ca0c811e5a18fa2e613681.m4a,0,regular-songs-full,validation
/Volumes/bleh/audiodeleto-dataset/regular-songs-full/DJ_EIEI_BASS_NICE_MUWAHAHAHA_904896656b686640a9.mp3,0,regular-songs-full,validation
/Volumes/bleh/audiodeleto-dataset/bypass-audios-full/Shotgun-Willy-Wendy.mp3,1,bypass-audios-full,validation
/Volumes/bleh/audiodeleto-dataset/bypass-audios-full/1305395815.mp3,1,bypass-audios-full,validation
/Volumes/bleh/audiodeleto-dataset/bypass-audios-full/Firestruct.ogg,1,bypass-audios-full,validation
/Volumes/bleh/audiodeleto-dataset/regular-songs-full/1a1534a544dc22575735aecacf0547ad26162945.m4a,0,regular-songs-full,validation
/Volumes/bleh/audiodeleto-dataset/regular-songs-full/728ae6165e9264b1f8ae019f12bc24b2084320c4.m4a,0,regular-songs-full,validation
/Volumes/bleh/audiodeleto-dataset/bypass-audios-full/eqeqq (1).mp3,1,bypass-audios-full,validation
/Volumes/bleh/audiodeleto-dataset/bypass-audios-full/swag city.ogg,1,bypass-audios-full,validation
/Volumes/bleh/audiodeleto-dataset/regular-songs-full/e096ad7c12800fcfb47fddb99c9cd57fc2c7eb77.mp3,0,regular-songs-full,validation
/Volumes/bleh/audiodeleto-dataset/bypass-audios-full/progamercool312.mp3,1,bypass-audios-full,validation
/Volumes/bleh/audiodeleto-dataset/bypass-audios-full/dont touch.mp3,1,bypass-audios-full,validation
/Volumes/bleh/audiodeleto-dataset/regular-songs-full/DJ_MIRACLES_x_SMBIL_BRMAIN_x_LURUS_remix_eb1d7a9acb691c3bc2.mp3,0,regular-songs-full,validation
/Volumes/bleh/audiodeleto-dataset/bypass-audios-full/222f.ogg,1,bypass-audios-full,validation
/Volumes/bleh/audiodeleto-dataset/regular-songs-full/bb4f1edb4e2573d315426b467442700ce2d1ef68.m4a,0,regular-songs-full,validation
/Volumes/bleh/audiodeleto-dataset/regular-songs-full/a037f4ec4bdaf690ee62ff220284008b6e305b5f.m4a,0,regular-songs-full,validation
/Volumes/bleh/audiodeleto-dataset/regular-songs-full/ab915de3284b7376f2d19560165d7d29b0c987e6.mp3,0,regular-songs-full,validation
/Volumes/bleh/audiodeleto-dataset/regular-songs-full/bd8bd23505d123dbc50125cb04363ce78464b1d3.m4a,0,regular-songs-full,validation
/Volumes/bleh/audiodeleto-dataset/bypass-audios-full/oops.mp3,1,bypass-audios-full,validation
/Volumes/bleh/audiodeleto-dataset/regular-songs-full/517f057193270aa414a68127763928459afdfcd0.ogg,0,regular-songs-full,test
/Volumes/bleh/audiodeleto-dataset/regular-songs-full/a7509f6dc407f9f52d97ee020b102a0ceaba1b00.m4a,0,regular-songs-full,test
/Volumes/bleh/audiodeleto-dataset/regular-songs-full/1553085e47b043ce1f897cfce0f84c700ce98d01.m4a,0,regular-songs-full,test
/Volumes/bleh/audiodeleto-dataset/regular-songs-full/Battle_1_[0-100]_0eae983cba15d52f5d.mp3,0,regular-songs-full,test
/Volumes/bleh/audiodeleto-dataset/bypass-audios-full/clean.mp3,1,bypass-audios-full,test
/Volumes/bleh/audiodeleto-dataset/bypass-audios-full/louder louder.wav,1,bypass-audios-full,test
/Volumes/bleh/audiodeleto-dataset/regular-songs-full/644e73412806763103d42affe799481543232bf7.m4a,0,regular-songs-full,test
/Volumes/bleh/audiodeleto-dataset/regular-songs-full/e770b644de18e15b8de2ef23487aedb5dd4693a3.m4a,0,regular-songs-full,test
/Volumes/bleh/audiodeleto-dataset/regular-songs-full/087c8ee274730f48b6beb848d19ee975000f5092.m4a,0,regular-songs-full,test
/Volumes/bleh/audiodeleto-dataset/bypass-audios-full/japa011.lua.ogg.mp3,1,bypass-audios-full,test
/Volumes/bleh/audiodeleto-dataset/bypass-audios-full/juju falls.ogg,1,bypass-audios-full,test
/Volumes/bleh/audiodeleto-dataset/bypass-audios-full/uh (2).ogg,1,bypass-audios-full,test
/Volumes/bleh/audiodeleto-dataset/bypass-audios-full/$RK9BN7X.ogg,1,bypass-audios-full,test
/Volumes/bleh/audiodeleto-dataset/regular-songs-full/090dd53fde23f4a64254d3f3570621e6587c9599.m4a,0,regular-songs-full,test
/Volumes/bleh/audiodeleto-dataset/bypass-audios-full/no.ogg,1,bypass-audios-full,test
/Volumes/bleh/audiodeleto-dataset/bypass-audios-full/glock.ogg,1,bypass-audios-full,test
/Volumes/bleh/audiodeleto-dataset/regular-songs-full/585f1d72239b4470af4f22764c11952764bce041.m4a,0,regular-songs-full,test
/Volumes/bleh/audiodeleto-dataset/bypass-audios-full/w.mp3,1,bypass-audios-full,test
/Volumes/bleh/audiodeleto-dataset/regular-songs-full/21ea0cc9e2a732a5da718c167f56ee872b5662f5.m4a,0,regular-songs-full,test
/Volumes/bleh/audiodeleto-dataset/bypass-audios-full/3-6.ogg,1,bypass-audios-full,test
/Volumes/bleh/audiodeleto-dataset/bypass-audios-full/Untitled (1).mp3,1,bypass-audios-full,test
/Volumes/bleh/audiodeleto-dataset/bypass-audios-full/copy_2ACCD547-F75D-42B7-9828-58AB90FA411E (1).mp3,1,bypass-audios-full,test
/Volumes/bleh/audiodeleto-dataset/regular-songs-full/bfea7065fdb34b404c14533d5d9defe8f9ca9448.m4a,0,regular-songs-full,test
/Volumes/bleh/audiodeleto-dataset/bypass-audios-full/IDELETEDTHEVIRUS.mp3,1,bypass-audios-full,test
/Volumes/bleh/audiodeleto-dataset/regular-songs-full/003832609f509c466f30ef12c35a203a90bff670.m4a,0,regular-songs-full,test
/Volumes/bleh/audiodeleto-dataset/regular-songs-full/49b2ef2befebe985d1b18fd26e4bbd3cb02758ce.m4a,0,regular-songs-full,test
/Volumes/bleh/audiodeleto-dataset/regular-songs-full/4ce0619f7e615770bb9982cdf9611e61af636bcb.m4a,0,regular-songs-full,test
/Volumes/bleh/audiodeleto-dataset/regular-songs-full/BAŃKA_(Nightcore)_7b9ad792f0918af45f.mp3,0,regular-songs-full,test
/Volumes/bleh/audiodeleto-dataset/bypass-audios-full/187s.ogg,1,bypass-audios-full,test
/Volumes/bleh/audiodeleto-dataset/regular-songs-full/275c7f61fc7423713d338ec359f73c67db6b60de.m4a,0,regular-songs-full,test
/Volumes/bleh/audiodeleto-dataset/regular-songs-full/f1d10700aaa34f269744c94d81d207a9743a345f.m4a,0,regular-songs-full,test
/Volumes/bleh/audiodeleto-dataset/bypass-audios-full/Allah.ogg,1,bypass-audios-full,test
/Volumes/bleh/audiodeleto-dataset/bypass-audios-full/audio by prisonslasha.ogg,1,bypass-audios-full,test
/Volumes/bleh/audiodeleto-dataset/bypass-audios-full/6.ogg,1,bypass-audios-full,test
/Volumes/bleh/audiodeleto-dataset/regular-songs-full/9b30ee2473680e4cf9376e93829243e52908475a.m4a,0,regular-songs-full,test
/Volumes/bleh/audiodeleto-dataset/regular-songs-full/276ff303b59b2213fec6c3d80e130608ccd37c56.m4a,0,regular-songs-full,test
/Volumes/bleh/audiodeleto-dataset/bypass-audios-full/Untitled.mp3,1,bypass-audios-full,test
/Volumes/bleh/audiodeleto-dataset/bypass-audios-full/lynxdenis.wav,1,bypass-audios-full,test
/Volumes/bleh/audiodeleto-dataset/regular-songs-full/980ed2f0a7b5971fcf97de931e9cf60641af16a5.mp3,0,regular-songs-full,test
/Volumes/bleh/audiodeleto-dataset/bypass-audios-full/meth 143 yrsci.mp3,1,bypass-audios-full,test
/Volumes/bleh/audiodeleto-dataset/bypass-audios-full/01. Tay-K – Everywhere I Go.m4a,1,bypass-audios-full,test
/Volumes/bleh/audiodeleto-dataset/bypass-audios-full/basket.ogg,1,bypass-audios-full,test
/Volumes/bleh/audiodeleto-dataset/bypass-audios-full/DRUNK_RARE_FREESTYLE_AMEN_PROD_BY_TYLER_THE_CREATOR_2022_KLICKAUD.mp3,1,bypass-audios-full,test
/Volumes/bleh/audiodeleto-dataset/bypass-audios-full/kitchen.mp3,1,bypass-audios-full,test
/Volumes/bleh/audiodeleto-dataset/regular-songs-full/86003531e3e9d9256dbe52400915ab8d39d60b65.m4a,0,regular-songs-full,test
/Volumes/bleh/audiodeleto-dataset/regular-songs-full/3d9015ac08a27e7e16c1d4044857ce74bdb4bac2.m4a,0,regular-songs-full,test
/Volumes/bleh/audiodeleto-dataset/regular-songs-full/Above_All_8581b1330e23253ac7.mp3,0,regular-songs-full,test
/Volumes/bleh/audiodeleto-dataset/regular-songs-full/d2f8f7201c6d03b909833a958b6c67fd46459b46.m4a,0,regular-songs-full,test
/Volumes/bleh/audiodeleto-dataset/regular-songs-full/337725b83e2b575280269f0bd00cbf7b90406969.m4a,0,regular-songs-full,test
/Volumes/bleh/audiodeleto-dataset/regular-songs-full/1766bbed12160200a0df89a328a0e5e3944d1e9d.m4a,0,regular-songs-full,test
/Volumes/bleh/audiodeleto-dataset/bypass-audios-full/Bass_sfx.ogg,1,bypass-audios-full,test
/Volumes/bleh/audiodeleto-dataset/bypass-audios-full/SANTA LEFT A BODY.ogg,1,bypass-audios-full,test
/Volumes/bleh/audiodeleto-dataset/regular-songs-full/b768b4dc56ec70ca3d209b14d0feba9eb5fe6a19.m4a,0,regular-songs-full,test
/Volumes/bleh/audiodeleto-dataset/bypass-audios-full/DOOMSHOP 1.mp3,1,bypass-audios-full,test
/Volumes/bleh/audiodeleto-dataset/regular-songs-full/a56bd41579b70282c8604bc3ec57a720984b2150.m4a,0,regular-songs-full,test
/Volumes/bleh/audiodeleto-dataset/regular-songs-full/d734491fd2a9149ed4ceadfc5e929e66efa5f605.m4a,0,regular-songs-full,test
/Volumes/bleh/audiodeleto-dataset/bypass-audios-full/4.ogg,1,bypass-audios-full,test
/Volumes/bleh/audiodeleto-dataset/bypass-audios-full/phonk i made.ogg,1,bypass-audios-full,test
/Volumes/bleh/audiodeleto-dataset/regular-songs-full/372a997f3ed2b2a3d3687d2cda3af95272a9b11f.m4a,0,regular-songs-full,test
/Volumes/bleh/audiodeleto-dataset/regular-songs-full/DE_8d1392366616fefba7.mp3,0,regular-songs-full,test
/Volumes/bleh/audiodeleto-dataset/bypass-audios-full/p2 (1).ogg,1,bypass-audios-full,test
/Volumes/bleh/audiodeleto-dataset/regular-songs-full/0a62a2d195534fdab435929d3e6ec0fd762d76d0.ogg,0,regular-songs-full,test
/Volumes/bleh/audiodeleto-dataset/regular-songs-full/788b4793b9f0d0fe482ad68d07ce93ac42d20dc2.m4a,0,regular-songs-full,test
/Volumes/bleh/audiodeleto-dataset/regular-songs-full/64758189ff73262de647f1291815fc7e22d9fc40.mp3,0,regular-songs-full,test
/Volumes/bleh/audiodeleto-dataset/bypass-audios-full/IanGonLetTsSlide.ogg,1,bypass-audios-full,test
/Volumes/bleh/audiodeleto-dataset/regular-songs-full/5b010c7585ada6182ab412220b346b0f50828bd4.m4a,0,regular-songs-full,test
/Volumes/bleh/audiodeleto-dataset/bypass-audios-full/Gem.ogg,1,bypass-audios-full,test
/Volumes/bleh/audiodeleto-dataset/regular-songs-full/Daybreak_b6ed03d07d535737c7.mp3,0,regular-songs-full,test
/Volumes/bleh/audiodeleto-dataset/regular-songs-full/dd0f453e3064f578817ef9539f3612a1970eb89d.mp3,0,regular-songs-full,test
/Volumes/bleh/audiodeleto-dataset/bypass-audios-full/sad vamp 32s.ogg,1,bypass-audios-full,test
/Volumes/bleh/audiodeleto-dataset/regular-songs-full/DJ_WahRA_Remix_x_maimunah_x_Ngocok_lagi_x_MAMA_MUDA_x_Voc_iMeyMey_b44383d519ed8217a4.mp3,0,regular-songs-full,test
/Volumes/bleh/audiodeleto-dataset/regular-songs-full/c05ee4f00426a5f13bab9648bee168ba3e483929.m4a,0,regular-songs-full,test
/Volumes/bleh/audiodeleto-dataset/bypass-audios-full/Smth.ogg,1,bypass-audios-full,test
/Volumes/bleh/audiodeleto-dataset/regular-songs-full/8ba57608ffb8e8fdf4ea1fce5d32c52807645a02.m4a,0,regular-songs-full,test
/Volumes/bleh/audiodeleto-dataset/regular-songs-full/3607602a3516c7d39fe8c7acc6b8b765debbc219.m4a,0,regular-songs-full,test
/Volumes/bleh/audiodeleto-dataset/bypass-audios-full/www.ogg,1,bypass-audios-full,test
/Volumes/bleh/audiodeleto-dataset/bypass-audios-full/Simgacollabintro 2.mp3,1,bypass-audios-full,test
/Volumes/bleh/audiodeleto-dataset/bypass-audios-full/DrXp FTBT.ogg,1,bypass-audios-full,test
/Volumes/bleh/audiodeleto-dataset/bypass-audios-full/ok_this_is_neat_horror_sound.ogg,1,bypass-audios-full,test
/Volumes/bleh/audiodeleto-dataset/bypass-audios-full/CUPIDMANEXSEGWAY.m4a,1,bypass-audios-full,test
/Volumes/bleh/audiodeleto-dataset/bypass-audios-full/27.mp3,1,bypass-audios-full,test
/Volumes/bleh/audiodeleto-dataset/regular-songs-full/08de87401d5985744be74877a3d90c7d2920c3fc.mp3,0,regular-songs-full,test
/Volumes/bleh/audiodeleto-dataset/regular-songs-full/7f70be0f4ce3d7890247abb8fa2938466c874b98.m4a,0,regular-songs-full,test
/Volumes/bleh/audiodeleto-dataset/bypass-audios-full/u1.ogg,1,bypass-audios-full,test
/Volumes/bleh/audiodeleto-dataset/bypass-audios-full/diviziuneatentei.ogg,1,bypass-audios-full,test
/Volumes/bleh/audiodeleto-dataset/bypass-audios-full/audio2.mp3,1,bypass-audios-full,test
/Volumes/bleh/audiodeleto-dataset/regular-songs-full/ad08f8989930323b001c1e2a3eb4e8601d863350.m4a,0,regular-songs-full,test
/Volumes/bleh/audiodeleto-dataset/bypass-audios-full/collabs (1).mp3,1,bypass-audios-full,test
/Volumes/bleh/audiodeleto-dataset/bypass-audios-full/racestar (1).ogg,1,bypass-audios-full,test
/Volumes/bleh/audiodeleto-dataset/regular-songs-full/2dba08ed31037844caa34b62368b2df6f481778d.mp3,0,regular-songs-full,test
/Volumes/bleh/audiodeleto-dataset/bypass-audios-full/bumps.ogg,1,bypass-audios-full,test
/Volumes/bleh/audiodeleto-dataset/regular-songs-full/391851794be8ff893c6e6b331e31505ca2903324.mp3,0,regular-songs-full,test
/Volumes/bleh/audiodeleto-dataset/regular-songs-full/a_period_of_sickness_and_writers_block_2f34884020f49a8cd4.mp3,0,regular-songs-full,test
/Volumes/bleh/audiodeleto-dataset/bypass-audios-full/yo.ogg,1,bypass-audios-full,test
/Volumes/bleh/audiodeleto-dataset/bypass-audios-full/wtf spurpshot set.mp3,1,bypass-audios-full,test
/Volumes/bleh/audiodeleto-dataset/bypass-audios-full/drac 153 yrsci.mp3,1,bypass-audios-full,test
/Volumes/bleh/audiodeleto-dataset/bypass-audios-full/allnightby6.wav,1,bypass-audios-full,test
/Volumes/bleh/audiodeleto-dataset/regular-songs-full/521b0c0e4ae4c7ee9ea40c6ac0380c6fc8e838ff.mp3,0,regular-songs-full,test
/Volumes/bleh/audiodeleto-dataset/regular-songs-full/75102ebc14ab736ed54d2fe043c47e30c7dfeb8f.m4a,0,regular-songs-full,test
/Volumes/bleh/audiodeleto-dataset/bypass-audios-full/dddd.ogg,1,bypass-audios-full,test
/Volumes/bleh/audiodeleto-dataset/regular-songs-full/b88bb771799206fdefd38b6a04054e691ed8c741.m4a,0,regular-songs-full,test
/Volumes/bleh/audiodeleto-dataset/regular-songs-full/230e9447f87243d68b15f3853c55a9dcfef5e40c.m4a,0,regular-songs-full,test
/Volumes/bleh/audiodeleto-dataset/regular-songs-full/Baldi_Basics_Youre_Mine_x_Roblox_The_Hunt_Hub_OST_47278d896a977dcb48.mp3,0,regular-songs-full,test
/Volumes/bleh/audiodeleto-dataset/bypass-audios-full/ANTIHERO.ogg,1,bypass-audios-full,test
/Volumes/bleh/audiodeleto-dataset/regular-songs-full/6d279ae22d5e4e0b4c42757ee72ae40c819c56b4.mp3,0,regular-songs-full,test
/Volumes/bleh/audiodeleto-dataset/bypass-audios-full/Blacky.ogg,1,bypass-audios-full,test
/Volumes/bleh/audiodeleto-dataset/bypass-audios-full/car shots.ogg,1,bypass-audios-full,test
/Volumes/bleh/audiodeleto-dataset/regular-songs-full/7bfe1ec3d29333ac2e33124fd66502d3a4ae766c.m4a,0,regular-songs-full,test
/Volumes/bleh/audiodeleto-dataset/regular-songs-full/1d301094a03d2e6d645a96a012e9b146bb78b668.m4a,0,regular-songs-full,test
/Volumes/bleh/audiodeleto-dataset/bypass-audios-full/ADF-01.ogg,1,bypass-audios-full,test
/Volumes/bleh/audiodeleto-dataset/regular-songs-full/44ea41fbbca341cb5d718e1ed79f88b1a717ccae.m4a,0,regular-songs-full,test
/Volumes/bleh/audiodeleto-dataset/regular-songs-full/669774a3afec5effe23a6d7344f537c5d8697c6e.m4a,0,regular-songs-full,test
/Volumes/bleh/audiodeleto-dataset/bypass-audios-full/Me vs tha world.mp3,1,bypass-audios-full,test
/Volumes/bleh/audiodeleto-dataset/regular-songs-full/4470caaa438b6c2ab3b53975b923d026b01b2801.mp3,0,regular-songs-full,test
/Volumes/bleh/audiodeleto-dataset/regular-songs-full/bd42943ed0214ce0b3a9cdb7808d78a00716e63d.m4a,0,regular-songs-full,test
/Volumes/bleh/audiodeleto-dataset/bypass-audios-full/uzigang.ogg,1,bypass-audios-full,test
/Volumes/bleh/audiodeleto-dataset/bypass-audios-full/Untitled 5.mp3,1,bypass-audios-full,test
/Volumes/bleh/audiodeleto-dataset/regular-songs-full/15ba0064b35a2c7c3879db107601d5616bc59a75.m4a,0,regular-songs-full,test
/Volumes/bleh/audiodeleto-dataset/bypass-audios-full/wowow.mp3,1,bypass-audios-full,test
/Volumes/bleh/audiodeleto-dataset/bypass-audios-full/polish (1).mp3,1,bypass-audios-full,test
